Clave_Cliente,Frecuencia,Monto_Total,Ticket_Promedio,Lineas_x_Transaccion,Recencia_dias,Cantidad_Total,Precio_Promedio,Pct_Descuento_Prom,Num_Sectores,Meses_Activos,Pct_CARNES_FRIAS,Pct_COMIDAS_PREPARADAS,Pct_OTROS_SECTORES,Pct_QUESOS,Pct_YOGHURT,Edad,Antiguedad,No._Hijos,Sexo,Estado_Civil,Grupo,Funcion,Estado,Empresa_Nombre
100167,45,6791.96,150.93244444444446,2.7111111111111112,38,250,43.146475409836064,0.45694901973326507,10,19,0.3239300584809098,0.061072208905823946,0.3093422222745717,0.29615898797990564,0.00949652235878892,35,15,0,Femenino,Soltero,EMPLEADOS,GENERICO,Nuevo Leon,ALFA CARRIZALEJO
100263,40,6951.88,173.797,5.475,64,250,30.553333333333335,0.08670896885140372,7,29,0.3958066019551546,0.002517304671542087,0.05504985701709466,0.3625781802907991,0.18404805606540967,40,15,0,Masculino,Soltero,EMPLEADOS,OFICINISTA A,Nuevo Leon,ALFA TORRE
100363,2,373.5,186.75,5.5,22,14,26.90909090909091,0.0,3,1,0.38821954484605087,0.1713520749665328,0.0,0.4404283801874163,0.0,35,15,2,Masculino,Casado,EMPLEADOS,GENERICO,Nuevo Leon,CAMPUS DELTA SANTA CATARINA
100491,2,328.0,164.0,3.5,22,8,38.357142857142854,0.0,2,1,0.8917682926829268,0.0,0.0,0.10823170731707317,0.0,57,15,0,Femenino,Soltero,EMPLEADOS,AUXILIAR,San Luis Potosi,DELTA CALL CENTER APODACA
100861,49,12792.41,261.0695918367347,5.714285714285714,201,414,33.74217857142857,0.19217138707334783,9,23,0.5376930539280714,0.09961375534398913,0.08786460096260204,0.24111328514329983,0.033715304622037603,41,15,0,Femenino,Soltero,EMPLEADOS,EMPLEADO A,Nuevo Leon,ALFA TORRE
101672,123,35282.98,286.85349593495937,6.195121951219512,18,1042,35.701023622047245,0.09916792409956314,9,36,0.3489421811876435,0.06087070876666314,0.08414822104028628,0.5060388890054073,0.0,38,15,0,Masculino,Casado,EMPLEADOS,OFICINISTA A,Nuevo Leon,ALFA TORRE
101691,1,78.5,78.5,3.0,16,3,26.166666666666668,0.030864197530864196,3,1,0.0,0.40764331210191085,0.40764331210191085,0.18471337579617833,0.0,38,15,2,Masculino,Casado,EMPLEADOS,EMPLEADO B,Estado de Mexico,DELTA CALL CENTER APODACA
101813,8,1283.5,160.4375,4.375,18,47,27.728571428571428,0.13775359398092168,7,6,0.5029216984807168,0.0872613946240748,0.11063498246980911,0.18387222438644332,0.11530970003895598,55,15,3,Masculino,Casado,EMPLEADOS,GENERICO,Nuevo Leon,DELTA CALL CENTER APODACA
102304,22,5057.68,229.89454545454547,1.6363636363636365,9,43,117.99111111111112,0.15772715161204373,6,15,0.7421070530361746,0.09077284446623748,0.1382531120988279,0.028866990398759906,0.0,46,15,0,Masculino,Casado,EMPLEADOS,OFICINISTA A,Nuevo Leon,ALFA TORRE
103062,10,7950.5,795.05,14.8,29,278,35.445945945945944,0.027799652718335004,11,5,0.4160115715992705,0.0813156405257531,0.21948305138041632,0.20288032199232753,0.08030941450223257,39,7,0,Masculino,Soltero,EJECUTIVOS,PROFESIONISTA,Estado de Mexico,ALFA TORRE
103171,72,17912.88,248.79000000000002,5.430555555555555,2,659,31.611969309462918,0.32996334256003584,11,26,0.43455882024554393,0.06438942258307989,0.22194309346124128,0.2623609380512793,0.016747725658855527,34,15,1,Masculino,Casado,EMPLEADOS,OFICINISTA A,Nuevo Leon,ALFA CARRIZALEJO
103574,4,917.0,229.25,5.0,9,28,41.425,0.0005449591280653951,5,1,0.37350054525627047,0.0,0.2682660850599782,0.2600872410032715,0.09814612868047982,35,1,2,Masculino,Casado,EMPLEADOS,GENERICO,Chihuahua,DELTA CALL CENTER APODACA
104423,114,25355.29,222.41482456140352,4.9298245614035086,10,1317,23.260302491103204,0.16815230621343996,8,36,0.482999800041727,0.009427224062513187,0.04044915281978632,0.40772951127752827,0.05939431179844522,40,14,1,Femenino,Casado,EMPLEADOS,OFICINISTA A,Nuevo Leon,ALFA TORRE
104987,2,585.0,292.5,5.0,9,14,51.45,0.0,4,1,0.41196581196581195,0.3418803418803419,0.08547008547008547,0.1606837606837607,0.0,38,14,0,Masculino,Soltero,SINDICALIZADOS,GENERICO,Estado de Mexico,DELTA CALL CENTER APODACA
105385,14,5200.5,371.4642857142857,3.5,18,130,76.61632653061224,0.14069729015201587,7,13,0.3464474569752909,0.08047303143928469,0.10662436304201521,0.3745024516873378,0.09195269685607155,36,4,2,Femenino,Casado,EMPLEADOS,OFICINISTA A,Jalisco,ALFA TORRE
106971,9,11961.8,1329.0888888888887,3.5555555555555554,26,130,59.55625,0.0476038058839922,5,5,0.09508602384256551,0.00652075774548981,0.023073450484040865,0.8658730291427712,0.009446738785132672,52,19,2,Masculino,Casado,EJECUTIVOS,PROFESIONISTA,Nuevo Leon,ALFA TORRE
106978,1,117.5,117.5,3.0,12,4,27.166666666666668,0.0,3,1,0.0,0.0,0.6127659574468085,0.17872340425531916,0.20851063829787234,38,14,0,Femenino,Soltero,EMPLEADOS,GENERICO,Veracruz,DELTA CALL CENTER APODACA
108419,5,1253.5,250.7,7.4,15,65,24.58108108108108,0.6060808899783162,8,2,0.19106501794974073,0.15955325089748704,0.21619465496609494,0.21140805743917032,0.22177901874750697,37,13,0,Masculino,Casado,SINDICALIZADOS,GENERICO,Guanajuato,DELTA CALL CENTER APODACA
109151,84,23856.11,284.00130952380954,7.476190476190476,2,1404,24.726990445859872,0.08552431843969456,6,36,0.3536704014191752,0.04872965458324932,0.09221956136184818,0.35904428676762473,0.14633609586810256,44,13,1,Masculino,Casado,EJECUTIVOS,PROFESIONISTA,Nuevo Leon,ALFA TORRE
109236,41,8347.57,203.59926829268292,4.146341463414634,36,222,39.82270588235294,0.07960108494310664,8,25,0.49307403232317915,0.0,0.04112574078444386,0.41752270421212406,0.04827752268025306,35,13,0,Masculino,Soltero,EMPLEADOS,OFICINISTA A,Nuevo Leon,ALFA CARRIZALEJO
109374,9,964.5,107.16666666666667,1.8888888888888888,79,59,29.058823529411764,0.05718475073313783,4,5,0.16277864178330742,0.0,0.5443234836702955,0.23068947641264903,0.06220839813374806,37,13,0,Femenino,Soltero,EMPLEADOS,EMPLEADO B,Nuevo Leon,ALFA TORRE
109676,4,6638.0,1659.5,10.5,29,75,57.285714285714285,0.0424810674359899,5,4,0.8574118710454957,0.03073214823742091,0.005272672491714371,0.08134980415787887,0.025233504067490208,36,13,0,Masculino,Soltero,EJECUTIVOS,PROFESIONISTA,Nuevo Leon,ALFA TORRE
110244,50,22438.07,448.7614,10.14,2,853,32.35773175542406,0.32214948386648506,12,19,0.30683565921667955,0.06781822144239678,0.20095756898877667,0.33631234771974594,0.0880762026324011,37,13,0,Masculino,Soltero,EMPLEADOS,OFICINISTA A,Jalisco,ALFA TORRE
110486,67,16162.89,241.23716417910447,2.208955223880597,29,274,86.3887837837838,0.7475017926354317,8,32,0.6304126304144864,0.008043116051646704,0.10992464837662076,0.2311900903860634,0.020429514771182627,47,13,0,Femenino,Soltero,EJECUTIVOS,PROFESIONISTA,Nuevo Leon,ALFA TORRE
110495,15,4311.5,287.43333333333334,9.4,80,195,26.94326241134752,0.03567434578394095,8,9,0.28841470485909776,0.17453322509567437,0.29270555491128375,0.12466658935405311,0.11967992577989099,38,13,0,Femenino,Soltero,EMPLEADOS,EMPLEADO A,Nuevo Leon,ALFA TORRE
111027,105,19934.8,189.8552380952381,5.466666666666667,3,612,31.994425087108013,0.4057951574874734,7,36,0.41722013764873483,0.024755703593715508,0.1384212532857114,0.41960290547183815,0.0,35,12,0,Masculino,Soltero,EMPLEADOS,EMPLEADO A,Nuevo Leon,ALFA CARRIZALEJO
111212,3,871.0,290.3333333333333,5.0,3,18,56.2,0.0004819830158365848,4,2,0.3237657864523536,0.0,0.05510907003444317,0.6211251435132032,0.0,48,13,2,Masculino,Casado,SINDICALIZADOS,GENERICO,Hidalgo,DELTA CALL CENTER APODACA
111214,2,301.0,150.5,4.5,10,9,33.44444444444444,0.11209439528023599,4,2,0.5980066445182725,0.24086378737541528,0.07807308970099668,0.08305647840531562,0.0,39,13,0,Masculino,Casado,SINDICALIZADOS,GENERICO,Hidalgo,DELTA CALL CENTER APODACA
112003,5,2094.0,418.8,3.2,745,22,123.80625,0.2343692870201097,3,2,0.88810888252149,0.02029608404966571,0.0,0.09159503342884433,0.0,38,13,0,Masculino,Divorciado,EJECUTIVOS,PROFESIONISTA,Nuevo Leon,ALFA CARRIZALEJO
112013,1,244.0,244.0,8.0,32,8,30.5,0.0,4,1,0.24385245901639344,0.0,0.045081967213114756,0.3401639344262295,0.3709016393442623,35,13,1,Femenino,Casado,EMPLEADOS,OFICINISTA B,Nuevo Leon,DELTA CALL CENTER APODACA
112138,54,23478.22,434.78185185185185,6.592592592592593,11,1001,36.128539325842695,0.07780998617395676,7,34,0.5891264329237906,0.0,0.038909252916106925,0.3107220223679648,0.061242291792137554,39,13,0,Femenino,Soltero,EMPLEADOS,EMPLEADO A,Nuevo Leon,ALFA TORRE
112626,52,17565.489999999998,337.7978846153846,2.4038461538461537,19,327,92.83232,0.1966572911664494,9,26,0.530289220511355,0.024747388202663288,0.02706443145053169,0.35903353678149597,0.058865423053954084,42,10,0,Femenino,Soltero,EMPLEADOS,OFICINISTA A,Nuevo Leon,ALFA TORRE
112943,1,149.5,149.5,1.0,382,1,149.5,0.0,1,1,1.0,0.0,0.0,0.0,0.0,33,13,0,Masculino,Casado,EMPLEADOS,SUPERVISOR A,Nuevo Leon,BETA DULCES NOMBRES
113068,1,270.0,270.0,1.0,754,2,135.0,0.0,1,1,0.0,0.0,0.0,1.0,0.0,35,13,0,Femenino,Soltero,EMPLEADOS,OFICINISTA A,Nuevo Leon,ALFA CARRIZALEJO
113587,1,355.5,355.5,14.0,4,17,23.571428571428573,0.0,6,1,0.3769338959212377,0.0,0.11533052039381153,0.32208157524613223,0.18565400843881857,35,13,1,Masculino,Casado,EMPLEADOS,EMPLEADO B,Chihuahua,DELTA CALL CENTER APODACA
113654,25,20369.32,814.7728,12.6,30,662,38.873873015873016,0.5521796004871894,12,17,0.547490048759605,0.06813825891095038,0.1862457853281307,0.13856132654403777,0.05956458045727593,35,13,0,Femenino,Soltero,EJECUTIVOS,PROFESIONISTA,Nuevo Leon,ALFA TORRE
114042,6,10204.24,1700.7066666666667,1.5,197,56,208.67,0.12036205335976898,2,5,0.9629565749139574,0.0,0.037043425086042664,0.0,0.0,46,23,0,Masculino,Casado,EJECUTIVOS,PROFESIONISTA,Nuevo Leon,ALFA CARRIZALEJO
114595,3,1092.0,364.0,3.0,11,13,101.5,0.0009149130832570906,4,1,0.3626373626373626,0.10989010989010989,0.04716117216117216,0.4803113553113553,0.0,51,12,1,Femenino,Casado,EMPLEADOS,GENERICO,Nuevo Leon,DELTA CALL CENTER APODACA
114806,2,280.0,140.0,4.0,17,8,35.0,0.0,3,1,0.6839285714285714,0.0,0.0,0.22142857142857142,0.09464285714285714,48,12,3,Femenino,UnionLibre,EMPLEADOS,GENERICO,Baja California,DELTA CALL CENTER APODACA
115081,2,236.5,118.25,2.5,10,6,37.3,0.0,3,1,0.2156448202959831,0.0,0.6342494714587738,0.15010570824524314,0.0,45,8,4,Femenino,Casado,EMPLEADOS,GENERICO,Jalisco,DELTA CALL CENTER APODACA
115140,77,22492.76,292.1137662337662,4.857142857142857,18,718,38.529839572192515,0.08419739011827934,10,34,0.4150002045102513,0.02057995550568272,0.35906220490504503,0.08872188206338395,0.11663575301563704,41,12,1,Masculino,Casado,EJECUTIVOS,PROFESIONISTA,Nuevo Leon,ALFA TORRE
115202,41,15218.7,371.1878048780488,1.1951219512195121,23,106,156.65102040816325,0.03767428625628379,2,18,0.048033012018109306,0.0,0.0,0.9519669879818907,0.0,36,12,0,Masculino,Soltero,EMPLEADOS,OFICINISTA A,Nuevo Leon,ALFA CARRIZALEJO
115963,2,96.5,48.25,3.0,15,7,14.833333333333334,0.0,4,1,0.19170984455958548,0.0,0.09844559585492228,0.3005181347150259,0.40932642487046633,32,12,0,Masculino,Soltero,EMPLEADOS,EMPLEADO B,Jalisco,DELTA CALL CENTER APODACA
117271,1,1268.32,1268.32,11.0,640,23,82.21090909090908,0.2077951280449719,5,1,0.06701778730919641,0.6607165384130188,0.2423047811277911,0.029960893149993693,0.0,42,14,0,Masculino,Casado,EJECUTIVOS,PROFESIONISTA,Coahuila,ALFA TORRE
117502,7,4248.78,606.9685714285714,1.4285714285714286,24,14,378.878,0.16690588235294118,2,3,0.8093570389617726,0.0,0.0,0.19064296103822745,0.0,33,12,0,Femenino,Divorciado,EJECUTIVOS,PROFESIONISTA,Nuevo Leon,ALFA TORRE
118319,6,4166.2,694.3666666666667,1.3333333333333333,18,33,137.65,0.022248298521473833,2,5,0.17670779127262254,0.0,0.0,0.8232922087273775,0.0,35,12,0,Femenino,Divorciado,EJECUTIVOS,PROFESIONISTA,Nuevo Leon,ALFA TORRE
118672,32,7670.1,239.690625,2.28125,10,88,86.94041095890411,0.07757666867107636,5,20,0.9084288340438846,0.0094209984224456,0.02907393645454427,0.05307623107912544,0.0,49,12,0,Femenino,Soltero,EMPLEADOS,OFICINISTA A,Nuevo Leon,ALFA TORRE
118771,3,1292.0,430.6666666666667,1.0,12,5,194.66666666666666,0.09142053445850915,2,2,0.8219814241486069,0.0,0.0,0.1780185758513932,0.0,39,12,2,Masculino,Casado,EMPLEADOS,COORDINADOR,Nuevo Leon,BETA DULCES NOMBRES
119769,1,186.0,186.0,4.0,940,8,25.6,0.12841068917018283,2,1,0.7661290322580645,0.23387096774193547,0.0,0.0,0.0,34,12,0,Masculino,Soltero,EMPLEADOS,OFICINISTA A,Nuevo Leon,ALFA TORRE
120182,98,29607.64,302.1187755102041,5.755102040816326,11,1222,32.98854609929078,0.10617186674515842,10,35,0.45127541404853616,0.04299565922849643,0.06951246367491634,0.3289353693843886,0.1072810936636625,40,11,0,Masculino,Casado,EJECUTIVOS,DIRECTIVO FUNCIONAL,Jalisco,ALFA TORRE
120338,39,14497.1,371.72051282051285,7.564102564102564,18,444,38.87169491525424,0.47851819077835084,10,23,0.48215160273434,0.17454870284401705,0.24589400638748438,0.051368894468548885,0.04603679356560967,59,11,4,Masculino,Casado,EMPLEADOS,OFICINISTA A,Nuevo Leon,ALFA TORRE
120341,18,5080.19,282.23277777777776,8.277777777777779,809,177,27.95563758389262,0.14290125018980615,8,9,0.304043746395312,0.06469049385948164,0.1952879715128765,0.40318964448180095,0.03278814375052902,34,11,0,Femenino,Soltero,EJECUTIVOS,PROFESIONISTA,Nuevo Leon,ALFA TORRE
120722,16,9182.18,573.88625,5.1875,22,208,40.32638554216868,0.06217201687281047,8,6,0.23499648231683545,0.038356904351689904,0.0343818134691326,0.6305147579333013,0.061750041929040815,53,27,0,Masculino,Casado,EJECUTIVOS,PROFESIONISTA,Nuevo Leon,ALFA TORRE
121126,1,9500.0,9500.0,2.0,30,2,4750.0,0.0,1,1,1.0,0.0,0.0,0.0,0.0,45,11,0,Femenino,Casado,EJECUTIVOS,DIRECTIVO FUNCIONAL,Estado de Mexico,ALFA CARRIZALEJO
121913,35,9037.2,258.2057142857143,5.8,3,259,38.771921182266006,0.06594178931701669,8,18,0.596113840570088,0.09377904660735625,0.08083255875713716,0.22401850130571413,0.005256052759704333,34,11,0,Masculino,Casado,EJECUTIVOS,PROFESIONISTA,Nuevo Leon,ALFA TORRE
122438,16,4191.93,261.995625,5.5,37,104,42.90829545454545,0.08110655647866022,8,12,0.40079390638679563,0.11095843680595813,0.327605661354078,0.16064199545316837,0.0,45,11,0,Masculino,Soltero,EJECUTIVOS,PROFESIONISTA,Nuevo Leon,ALFA CARRIZALEJO
122498,14,6337.05,452.6464285714286,17.0,31,383,22.45672268907563,0.3194748711340206,10,9,0.390418254550619,0.009625930046314927,0.20399870602251838,0.3058678722749545,0.0900892371055933,42,11,2,Masculino,Casado,EJECUTIVOS,PROFESIONISTA,Jalisco,ALFA TORRE
122741,9,7200.3,800.0333333333333,3.888888888888889,64,68,77.12285714285714,0.04969512195121951,7,5,0.4697137619265864,0.02358651722844882,0.01879088371317862,0.48235351304806745,0.005555324083718735,55,11,0,Masculino,Viudo,EJECUTIVOS,PROFESIONISTA,Nuevo Leon,ALFA CARRIZALEJO
122887,43,10230.31,237.91418604651162,2.9069767441860463,15,167,69.54168000000001,0.03972309569625006,8,22,0.5744195434937944,0.02404619214862502,0.14745398722032863,0.2526629202829631,0.001417356854288873,35,11,0,Masculino,Soltero,EMPLEADOS,OFICINISTA A,Nuevo Leon,ALFA TORRE
123627,23,28381.66,1233.9852173913043,2.739130434782609,305,68,119.75968253968254,0.1351932598991422,4,19,0.9630902491256679,0.0018145520734164247,0.002106994446413635,0.03298820435450217,0.0,39,11,0,Femenino,Divorciado,EJECUTIVOS,PROFESIONISTA,Nuevo Leon,ALFA TORRE
123731,17,11356.6,668.035294117647,10.941176470588236,18,475,33.32688172043011,0.5297535444547501,10,11,0.22659951041685014,0.021679023651444976,0.36351548879065926,0.3112463237236497,0.07695965341739607,36,11,1,Masculino,Separado,EMPLEADOS,OFICINISTA A,Nuevo Leon,ALFA TORRE
123813,30,9883.9,329.4633333333333,8.0,2,331,32.016666666666666,0.04211158814921063,9,18,0.32486164368316145,0.09957607826869959,0.19976932182640453,0.3062353929117049,0.06955756331002944,41,11,0,Femenino,Soltero,EJECUTIVOS,PROFESIONISTA,Nuevo Leon,ALFA TORRE
123901,138,41996.46,304.32217391304346,6.731884057971015,10,2786,29.357761033369215,0.09287281838603766,11,33,0.30590197364254035,0.07937954770473511,0.16693216523487933,0.32661181442435866,0.12117449899348659,36,11,0,Femenino,Soltero,EMPLEADOS,OFICINISTA B,Nuevo Leon,ALFA TORRE
124254,51,8798.85,172.5264705882353,4.9411764705882355,26,311,27.225238095238097,0.18059898864789858,9,26,0.226052268194139,0.1144876887320502,0.13149445666195014,0.4162123459315706,0.11175324048029003,36,5,1,Femenino,Casado,EMPLEADOS,EMPLEADO B,Nuevo Leon,ALFA CARRIZALEJO
124631,30,4359.1,145.30333333333334,4.366666666666666,16,199,25.68167938931298,0.10084570957095709,7,23,0.3727145511688193,0.13833130692115347,0.23426854167144598,0.2546856002385814,0.0,45,11,2,Masculino,Casado,EMPLEADOS,AUXILIAR,Nuevo Leon,ALFA TORRE
125000,4,4256.0,1064.0,1.25,26,36,92.2,0.02295684113865932,2,3,0.022556390977443608,0.0,0.0,0.9774436090225563,0.0,43,11,0,Masculino,Soltero,EJECUTIVOS,PROFESIONISTA,Nuevo Leon,ALFA TORRE
125025,12,6426.9,535.5749999999999,4.916666666666667,127,121,44.622033898305084,0.10475142431291702,7,9,0.22082185812755764,0.09782321181284913,0.16944405545441815,0.5119108746051751,0.0,40,11,0,Masculino,Soltero,EMPLEADOS,OFICINISTA A,Nuevo Leon,ALFA TORRE
125172,2,434.0,217.0,1.5,393,5,71.33333333333333,0.06465517241379311,2,1,0.0,0.0,0.23963133640552994,0.7603686635944701,0.0,35,11,0,Masculino,Soltero,EJECUTIVOS,PROFESIONISTA,Nuevo Leon,ALFA TORRE
125517,35,6176.9,176.48285714285714,3.742857142857143,95,138,44.65496183206107,0.09985281473601376,9,22,0.44115980508021824,0.09652090854635823,0.26409687707426055,0.1915038287814276,0.006718580517735434,36,11,0,Masculino,Soltero,EMPLEADOS,OFICINISTA A,Estado de Mexico,ALFA TORRE
126300,14,17221.45,1230.1035714285715,2.0,11,120,282.2532142857143,0.09415616863477369,4,8,0.5788391802084029,0.070319282058131,0.018581478330802575,0.3322600594026635,0.0,44,21,4,Masculino,Casado,EJECUTIVOS,PROFESIONISTA,Nuevo Leon,ALFA CARRIZALEJO
126306,47,9969.16,212.10978723404256,4.851063829787234,17,389,35.42877192982456,0.5376859044218238,10,21,0.4080885450730052,0.10134254039457687,0.2648518029603297,0.19648596270899454,0.029231148863093786,46,27,0,Femenino,Casado,EMPLEADOS,GENERICO,Nuevo Leon,ALFA TORRE
126308,36,12981.0,360.5833333333333,9.527777777777779,30,997,19.927113702623906,0.28957187498289805,12,12,0.2257145058161929,0.08678067945458748,0.20637855327016408,0.2104614436484092,0.27066481781064633,47,13,2,Masculino,Casado,EMPLEADOS,OFICINISTA A,Nuevo Leon,ALFA CAD
126617,61,12366.72,202.73311475409835,4.360655737704918,23,384,32.957969924812026,0.10877151258323964,6,31,0.32030320084872943,0.03038962635201573,0.11158981524607979,0.5314747968741914,0.0062425606789835945,32,11,0,Masculino,Soltero,EMPLEADOS,OFICINISTA A,Nuevo Leon,ALFA TORRE
126702,70,21301.96,304.3137142857143,5.871428571428571,18,692,36.3405596107056,0.3575987864860871,8,35,0.41197148055859645,0.0,0.05841715973553608,0.4349731198443712,0.09463823986149632,35,11,0,Masculino,Soltero,EMPLEADOS,OFICINISTA A,Nuevo Leon,ALFA CARRIZALEJO
126705,3,2180.0,726.6666666666666,1.0,23,18,121.66666666666667,0.018018018018018018,1,3,0.0,0.0,0.0,1.0,0.0,46,11,2,Masculino,Casado,EJECUTIVOS,PROFESIONISTA,Nuevo Leon,ALFA TORRE
126919,16,1706.0,106.625,3.875,1,106,23.580645161290324,0.694757559491859,6,8,0.40123094958968347,0.0,0.14742086752637748,0.350820633059789,0.10052754982415006,34,1,1,Masculino,Casado,EMPLEADOS,OFICINISTA A,Nuevo Leon,ALFA TORRE
127123,44,10372.1,235.72954545454547,5.0,30,349,34.01,0.08881851165324033,9,19,0.4896886840659076,0.03895064644575351,0.0975694410967885,0.3325652471534212,0.04122598123812921,39,11,0,Femenino,Casado,EJECUTIVOS,PROFESIONISTA,Nuevo Leon,ALFA TORRE
127232,194,82364.03,424.55685567010306,7.288659793814433,3,1884,33.612637906647805,0.1308994330466383,11,36,0.46213741605407116,0.034654933713175524,0.15457645770854098,0.3139819651855306,0.034649227338681705,58,10,0,Femenino,Soltero,EMPLEADOS,OFICINISTA B,Nuevo Leon,ALFA TORRE
127464,36,8625.09,239.58583333333334,2.4444444444444446,11,132,61.96818181818182,0.10083507089241034,7,18,0.2825222693328417,0.20746566122788282,0.07417429847108842,0.4297392838799363,0.006098487088250673,34,10,0,Masculino,Soltero,EMPLEADOS,OFICINISTA A,Nuevo Leon,ALFA CARRIZALEJO
127515,31,9112.6,293.9548387096774,4.935483870967742,16,187,37.967973856209156,0.20278900495162108,7,19,0.7089195180299804,0.014924390404494874,0.12082171937756513,0.13261857208700042,0.02271580010095911,34,10,0,Femenino,Soltero,EMPLEADOS,OFICINISTA A,Nuevo Leon,ALFA CARRIZALEJO
127569,2,1687.0,843.5,6.5,393,32,22.807692307692307,0.08165487207403375,5,2,0.027860106698280974,0.0,0.012151748666271488,0.9235328986366331,0.036455245998814466,34,10,0,Femenino,Soltero,EMPLEADOS,EMPLEADO A,Nuevo Leon,ALFA CARRIZALEJO
127574,39,17803.5,456.5,5.17948717948718,11,372,42.992574257425744,0.060526107490567534,10,17,0.1803297104501924,0.05029909849186957,0.14761142471985844,0.5903614457831325,0.03139832055494706,51,18,2,Femenino,Casado,EJECUTIVOS,PROFESIONISTA,Nuevo Leon,ALFA TORRE
128057,10,2276.3,227.63000000000002,5.5,219,88,37.96545454545454,0.10545075846891457,7,6,0.33536880024601323,0.08509423186750427,0.17638272635417124,0.3847032464965075,0.018450995035803715,37,10,0,Femenino,Casado,EMPLEADOS,OFICINISTA A,Nuevo Leon,ALFA TORRE
128112,65,15314.69,235.6106153846154,5.6923076923076925,15,509,35.86821621621622,0.2050450787125707,11,27,0.5575796832975398,0.06973043528794903,0.08649211965766203,0.19036624312996217,0.095831518626887,48,10,0,Masculino,Casado,EMPLEADOS,OFICINISTA A,Nuevo Leon,ALFA CARRIZALEJO
128418,97,15388.86,158.6480412371134,4.917525773195877,18,806,23.50251572327044,0.11386823906070956,11,36,0.49872440193750545,0.046364707977069125,0.08018137795782145,0.3154645633269781,0.059264948800625904,42,10,0,Femenino,Soltero,EJECUTIVOS,PROFESIONISTA,Nuevo Leon,ALFA TORRE
128582,1,110.0,110.0,1.0,395,1,110.0,0.08333333333333333,1,1,0.0,0.0,0.0,1.0,0.0,40,4,1,Femenino,Divorciado,EMPLEADOS,OFICINISTA B,Nuevo Leon,CORPORATIVO BETA COMERCIAL
128598,15,4380.0,292.0,8.266666666666667,9,160,29.649193548387096,0.19722878979490843,11,7,0.5061643835616438,0.04257990867579909,0.19623287671232878,0.23150684931506849,0.023515981735159817,34,10,0,Femenino,Soltero,EMPLEADOS,OFICINISTA A,Nuevo Leon,ALFA TORRE
128760,90,28219.2,313.5466666666667,5.511111111111111,11,827,37.01209677419355,0.18996934311597946,8,36,0.43247859613312917,0.18651131144752506,0.10221409536769291,0.2787959970516527,0.0,40,10,0,Femenino,Casado,EJECUTIVOS,PROFESIONISTA,Nuevo Leon,ALFA TORRE
129070,13,12284.6,944.9692307692308,2.3846153846153846,0,114,74.78387096774195,0.03466579704222918,4,5,0.23363398075639416,0.001912964199078521,0.0,0.7572489132735294,0.007204141770997835,35,10,0,Masculino,Soltero,EJECUTIVOS,PROFESIONISTA,Nuevo Leon,CORPORATIVO BETA COMERCIAL
130151,31,5091.4,164.23870967741934,3.935483870967742,19,174,32.769672131147544,0.08431351390237762,8,22,0.3093648112503437,0.22139293710963587,0.04674549239894725,0.38508072435872254,0.03741603488235063,43,10,0,Femenino,Soltero,EMPLEADOS,EMPLEADO A,Nuevo Leon,ALFA CARRIZALEJO
130465,31,14118.1,455.4225806451613,4.161290322580645,296,197,73.07558139534883,0.47138117864671675,8,21,0.17662433330263985,0.38246435426863384,0.35810838568929243,0.07666895687096704,0.006133969868466719,33,10,0,Masculino,Soltero,EMPLEADOS,OFICINISTA A,Nuevo Leon,ALFA TORRE
131940,2,288.1,144.05,5.0,967,38,13.830000000000002,0.14763313609467454,5,2,0.05102395001735508,0.0,0.13884068031933355,0.23707046164526202,0.5730649080180492,38,17,1,Masculino,Casado,EJECUTIVOS,PROFESIONISTA,Nuevo Leon,ALFA CARRIZALEJO
132243,2,1784.0,892.0,1.0,12,2,892.0,0.05307855626326964,1,2,1.0,0.0,0.0,0.0,0.0,40,10,2,Masculino,Casado,EMPLEADOS,SUPERVISOR A,Nuevo Leon,BETA DULCES NOMBRES
133362,6,1006.5,167.75,2.1666666666666665,11,18,64.96153846153847,0.023289665211062592,3,6,0.6492796820665673,0.1351217088922007,0.215598609041232,0.0,0.0,40,2,3,Masculino,UnionLibre,EMPLEADOS,GENERICO,Nuevo Leon,CORPORATIVO BETA COMERCIAL
133510,80,14533.14,181.66424999999998,4.725,11,726,24.62793650793651,0.1564330574290988,11,36,0.31969003257382783,0.15373140284893697,0.33217597848778724,0.1896919729666129,0.00471061312283512,42,10,1,Femenino,Casado,EMPLEADOS,OFICINISTA B,Nuevo Leon,ALFA TORRE
133988,1,176.39999999999998,176.39999999999998,3.0,1011,5,30.0,0.2,2,1,0.2653061224489796,0.0,0.0,0.7346938775510204,0.0,39,10,0,Femenino,Casado,EJECUTIVOS,PROFESIONISTA,Nuevo Leon,ALFA TORRE
134466,1,354.0,354.0,1.0,387,1,354.0,0.10152284263959391,1,1,1.0,0.0,0.0,0.0,0.0,42,10,0,Masculino,Casado,EMPLEADOS,AUXILIAR,Nuevo Leon,BETA DULCES NOMBRES
134811,21,3356.0,159.8095238095238,2.5238095238095237,228,74,49.85849056603774,0.05055591705095199,6,14,0.560041716328963,0.010727056019070322,0.05467818831942789,0.37455303933253875,0.0,37,10,0,Masculino,Soltero,EMPLEADOS,OFICINISTA A,Nuevo Leon,ALFA CARRIZALEJO
134845,76,16518.93,217.35434210526316,4.671052631578948,1,583,31.15532394366197,0.26931052633907043,9,34,0.31706654123481365,0.08851360227327074,0.13634054990244523,0.41123850031448766,0.0468408062749827,35,10,0,Masculino,Soltero,EMPLEADOS,OFICINISTA A,Nuevo Leon,ALFA CARRIZALEJO
134874,3,1905.0,635.0,1.0,397,6,256.6666666666667,0.1360544217687075,2,2,0.7874015748031497,0.0,0.0,0.2125984251968504,0.0,41,10,0,Masculino,Casado,EJECUTIVOS,PROFESIONISTA,Nuevo Leon,ALFA TORRE
135250,23,6386.15,277.6586956521739,7.130434782608695,15,235,32.36981707317073,0.3296728211695305,6,15,0.33922786029141194,0.11453066401509517,0.025821504349255814,0.5122773502031741,0.008142621141063082,40,10,0,Femenino,Soltero,EJECUTIVOS,PROFESIONISTA,Nuevo Leon,ALFA TORRE
135775,27,25723.16,952.7096296296296,3.740740740740741,16,309,77.31148514851485,0.06673112646213682,7,16,0.24230693274076745,0.014850430506982813,0.06434901466227322,0.6784936220899765,0.0,32,10,0,Femenino,Soltero,EMPLEADOS,OFICINISTA B,Nuevo Leon,ALFA TORRE
136391,102,60021.41,588.4451960784314,14.098039215686274,17,2751,32.00611961057024,0.10735012202612444,11,35,0.23740695195264494,0.1157103773470167,0.23600411919679998,0.339057346370237,0.07182120513330162,49,9,3,Femenino,Divorciado,EJECUTIVOS,PROFESIONISTA,Nuevo Leon,ALFA TORRE
137096,72,33371.65,463.4951388888889,8.583333333333334,19,861,46.5754854368932,0.07262240550897739,9,35,0.5631960061908835,0.030691619982829738,0.09336967156253886,0.26220579443929204,0.05053690782445579,34,9,0,Masculino,Soltero,EJECUTIVOS,PROFESIONISTA,Nuevo Leon,ALFA TORRE
139001,28,6716.78,239.885,4.357142857142857,95,187,42.44901639344262,0.08675032971216468,10,17,0.5005657472777134,0.08526406998591587,0.1409455125819217,0.2496419415255524,0.023582728628896585,32,9,0,Femenino,Soltero,EMPLEADOS,EMPLEADO A,Nuevo Leon,ALFA CARRIZALEJO
139003,161,47791.84,296.8437267080745,5.875776397515528,2,1593,30.71607822410148,0.08887278994307328,8,36,0.4946576654089903,0.010457642978382921,0.015828015828643554,0.43667077894469014,0.04238589683929307,37,9,0,Femenino,Soltero,EJECUTIVOS,PROFESIONISTA,Nuevo Leon,ALFA TORRE
139029,1,139.4,139.4,3.0,757,10,20.433333333333334,0.15,2,1,0.45480631276901007,0.0,0.0,0.5451936872309899,0.0,34,9,1,Masculino,Casado,EJECUTIVOS,PROFESIONISTA,Nuevo Leon,ALFA TORRE
139044,207,161303.15,779.2422705314009,7.468599033816425,9,3101,37.370614489003884,0.06480755372012947,11,36,0.41455669030641995,0.0261563397862968,0.039473500672491516,0.4986598215843894,0.021153647650402365,48,28,3,Masculino,Casado,EMPLEADOS,OFICINISTA A,Coahuila,ALFA CARRIZALEJO
139048,3,1545.34,515.1133333333333,12.0,648,89,28.78055555555555,0.7642214152757012,6,2,0.35720294563008786,0.08088834819521917,0.4344286694190275,0.1274800367556654,0.0,42,3,4,Masculino,Casado,EMPLEADOS,OFICINISTA B,Coahuila,ALFA TORRE
139484,70,12744.55,182.065,5.542857142857143,16,590,28.440721649484537,0.36296579543239305,9,35,0.4908372598483274,0.00484520834395879,0.23492394788360516,0.18231322408402023,0.08708035984008851,33,9,0,Femenino,Soltero,EJECUTIVOS,PROFESIONISTA,Nuevo Leon,ALFA TORRE
139649,39,3241.32,83.11076923076924,3.5384615384615383,57,183,21.450144927536233,0.6284520507118457,10,19,0.20331223081954264,0.017276911875408783,0.3648822084829637,0.3300198684486567,0.08450878037342811,37,9,0,Femenino,Soltero,EMPLEADOS,OFICINISTA A,Hidalgo,ALFA TORRE
140336,10,4459.59,445.959,8.5,382,106,37.03517647058823,0.09242933023994139,6,9,0.43205765552438674,0.007115003845645002,0.3121363174641615,0.24178455867019163,0.006906464495615067,32,9,0,Masculino,Soltero,EJECUTIVOS,PROFESIONISTA,Nuevo Leon,ALFA TORRE
140614,49,9956.9,203.20204081632653,3.979591836734694,290,266,36.227435897435896,0.32158197402668187,7,23,0.4724261567355301,0.11934437425303054,0.10477156544707689,0.2502083981962257,0.05324950536813666,33,9,0,Femenino,Soltero,EMPLEADOS,OFICINISTA B,Nuevo Leon,ALFA TORRE
141224,2,3386.0,1693.0,2.0,1,8,368.0,0.08634646519158122,2,2,0.8641464855286474,0.0,0.0,0.13585351447135263,0.0,52,20,0,Masculino,,EMPLEADOS,OFICINISTA A,Queretaro,BETA DULCES NOMBRES
141286,6,1298.8,216.46666666666667,6.333333333333333,116,136,19.547368421052635,0.14327176781002635,7,5,0.5595164767477672,0.0,0.22836464428703418,0.10401909454881426,0.10809978441638435,43,15,0,Masculino,,EMPLEADOS,OFICINISTA A,Guanajuato,ALFA TORRE
141992,3,3500.0,1166.6666666666667,1.0,22,26,276.6666666666667,0.027777777777777776,2,3,0.17142857142857143,0.0,0.0,0.8285714285714286,0.0,56,24,0,Masculino,,EJECUTIVOS,PROFESIONISTA,Coahuila,ALFA CARRIZALEJO
141995,35,10338.380000000001,295.38228571428573,2.4285714285714284,17,143,92.72047058823529,0.16203606889564337,5,15,0.5351205894927445,0.06625796304643475,0.025487552208373072,0.3731338952524477,0.0,46,17,0,Femenino,,EMPLEADOS,OFICINISTA A,Coahuila,ALFA TORRE
142001,1,196.24,196.24,3.0,687,6,32.70666666666667,0.04737864077669903,1,1,0.0,0.0,1.0,0.0,0.0,62,15,0,Masculino,,EMPLEADOS,OFICINISTA A,Coahuila,ALFA TORRE
142025,129,31126.3,241.2891472868217,4.387596899224806,10,923,35.12809187279152,0.08869650249737965,9,36,0.20605083161185236,0.005416641232655343,0.055107738471967434,0.6727686875728885,0.060656101110636344,46,21,0,Femenino,,EMPLEADOS,OFICINISTA A,Coahuila,ALFA CARRIZALEJO
142688,8,1297.12,162.14,7.625,45,101,17.84032786885246,0.08781997187060478,5,7,0.19258048599975333,0.0,0.11656593067719255,0.3322745775255952,0.358579005797459,44,13,0,Masculino,,EMPLEADOS,OFICINISTA A,Nuevo Leon,ALFA TORRE
142710,8,4434.1900000000005,554.2737500000001,6.5,12,145,65.22480769230769,0.7731698084251989,8,6,0.6653278276303,0.052320716974238804,0.1426416098543364,0.10475419411437037,0.03495565142675437,44,27,2,Masculino,Casado,EMPLEADOS,GENERICO,Nuevo Leon,BETA DULCES NOMBRES
142760,1,1104.0,1104.0,2.0,8,3,371.25,0.3155610663360198,1,1,1.0,0.0,0.0,0.0,0.0,60,16,0,Masculino,,EMPLEADOS,AUXILIAR,Coahuila,BETA DULCES NOMBRES
143798,13,1739.9,133.83846153846156,2.769230769230769,382,78,23.86388888888889,0.1539508874300997,6,8,0.056727398126329105,0.06896948100465544,0.03965745157767688,0.7641818495315823,0.07046381975975631,56,16,2,Femenino,Casado,EMPLEADOS,OFICINISTA A,Nuevo Leon,ALFA TORRE
143800,12,1998.1,166.50833333333333,3.0833333333333335,8,41,42.15135135135135,0.04529600076448946,6,11,0.7437065211951354,0.012511886291977378,0.01721635553776087,0.21755667884490262,0.009008558130223712,42,16,0,Femenino,Soltero,EMPLEADOS,EMPLEADO B,Nuevo Leon,CORPORATIVO BETA COMERCIAL
143802,35,10389.27,296.83628571428574,4.542857142857143,464,260,41.64327044025157,0.17160865925128568,5,19,0.4476994052517645,0.007960135793948948,0.11738072068586146,0.42695973826842504,0.0,37,13,0,Masculino,Soltero,EJECUTIVOS,PROFESIONISTA,Nuevo Leon,ALFA TORRE
144118,5,1818.0,363.6,2.6,11,13,139.84615384615384,0.007371007371007371,2,3,0.6135863586358636,0.0,0.0,0.3864136413641364,0.0,48,18,3,Masculino,Casado,EMPLEADOS,OFICINISTA A,Coahuila,ALFA CARRIZALEJO
144125,4,845.62,211.405,3.25,61,19,53.893846153846155,0.04287492925863044,5,3,0.020694874766443556,0.20162720843877865,0.3939358104112959,0.38374210638348194,0.0,51,26,1,Femenino,Casado,EMPLEADOS,EMPLEADO A,Nuevo Leon,ALFA CARRIZALEJO
144146,91,30136.85,331.1741758241758,9.857142857142858,8,1458,24.282129319955406,0.08250797652101907,11,35,0.4050688774706048,0.062051276095544144,0.12794303319690012,0.3348847009558066,0.07005211228114416,39,18,2,Masculino,Casado,EMPLEADOS,OFICINISTA A,Nuevo Leon,ALFA TORRE
144154,59,7837.45,132.83813559322033,3.152542372881356,17,341,28.89327956989247,0.4421228708297447,10,30,0.23240850021371748,0.02985664980318854,0.19630109282993832,0.42328308314566604,0.11815067400748969,37,12,1,Masculino,Casado,EMPLEADOS,OFICINISTA B,Nuevo Leon,ALFA TORRE
144850,45,7404.49,164.54422222222223,2.688888888888889,10,146,48.44950413223141,0.22775106642609064,7,22,0.460989210600595,0.06798577619795557,0.14665425978021443,0.32437075342123495,0.0,31,9,0,Masculino,Soltero,EMPLEADOS,OFICINISTA B,Nuevo Leon,ALFA TORRE
144914,32,18505.95,578.3109375,9.65625,15,533,45.74252427184466,0.5284418351017746,11,21,0.26666018226570376,0.41248301222039396,0.08978733866675312,0.1954755092281131,0.03559395761903604,38,9,0,Masculino,Casado,EJECUTIVOS,PROFESIONISTA,Nuevo Leon,ALFA TORRE
145687,1,1147.5,1147.5,2.0,386,3,395.75,0.4820582261340555,1,1,1.0,0.0,0.0,0.0,0.0,39,9,2,Masculino,Casado,EMPLEADOS,EMPLEADO B,Nuevo Leon,BETA DULCES NOMBRES
145777,6,2154.6,359.09999999999997,7.666666666666667,374,48,39.563043478260866,0.10604929051530994,8,6,0.11528822055137845,0.6520003712986169,0.09547015687366564,0.10767659890466909,0.029564652371669917,31,9,0,Femenino,Soltero,EMPLEADOS,OFICINISTA A,Nuevo Leon,ALFA TORRE
145934,1,262.0,262.0,1.0,1073,2,131.0,0.02962962962962963,1,1,0.0,0.0,0.0,1.0,0.0,33,9,0,Femenino,Soltero,EMPLEADOS,EMPLEADO B,Nuevo Leon,ALFA CARRIZALEJO
146916,68,33576.4,493.77058823529416,3.2941176470588234,9,482,71.69375,0.282182842800856,11,25,0.4526155275729381,0.08235844223919181,0.1724127661095293,0.2890095424166974,0.003603721661643297,32,9,0,Femenino,Soltero,EMPLEADOS,OFICINISTA A,Nuevo Leon,ALFA CARRIZALEJO
146917,5,2969.7,593.9399999999999,1.0,380,16,130.92000000000002,0.0412590799031477,1,3,1.0,0.0,0.0,0.0,0.0,31,9,0,Femenino,Soltero,EMPLEADOS,OFICINISTA B,Nuevo Leon,ALFA TORRE
147308,6,8466.3,1411.05,6.0,29,54,212.675,0.012538197765284937,8,6,0.9173783116591664,0.006673517357050896,0.032127375595006086,0.034312509596872307,0.009508285791904375,38,9,0,Masculino,Divorciado,EJECUTIVOS,PROFESIONISTA,Nuevo Leon,ALFA TORRE
148158,12,4094.19,341.1825,2.9166666666666665,18,63,86.39971428571428,0.05696418288609927,6,8,0.2873071352330986,0.058619653704395744,0.09928703846182028,0.5108214323223885,0.043964740278296804,51,8,2,Masculino,Casado,EMPLEADOS,OFICINISTA B,Nuevo Leon,ALFA TORRE
148244,4,2194.5,548.625,1.0,23,10,241.375,0.0015923566878980893,3,3,0.0,0.18136249715197084,0.5012531328320802,0.31738437001594894,0.0,31,8,0,Masculino,Soltero,EJECUTIVOS,PROFESIONISTA,Nuevo Leon,ALFA CARRIZALEJO
148245,31,22680.0,731.6129032258065,5.483870967741935,17,370,87.91411764705882,0.12559893283162024,10,16,0.6816137566137566,0.05425485008818342,0.15432098765432098,0.08586860670194003,0.02394179894179894,31,8,0,Masculino,Soltero,EJECUTIVOS,PROFESIONISTA,Nuevo Leon,ALFA CAD
148430,4,702.5,175.625,2.75,11,21,32.57272727272727,0.08659472110258742,5,3,0.8085409252669039,0.02704626334519573,0.13380782918149467,0.030604982206405694,0.0,33,8,0,Femenino,Soltero,EMPLEADOS,OFICINISTA B,Nuevo Leon,ALFA TORRE
149075,19,5603.5,294.92105263157896,1.6842105263157894,22,74,47.2,0.04613158566686527,5,14,0.14655126260372983,0.02141518693673597,0.022396716338003032,0.8096368341215312,0.0,32,8,0,Femenino,,EJECUTIVOS,PROFESIONISTA,Nuevo Leon,ALFA CARRIZALEJO
149411,55,65626.77,1193.2140000000002,10.090909090909092,4,900,68.08091891891893,0.12268096364217278,12,31,0.5853280604850736,0.11455782449753357,0.05355588885450252,0.24042505824985752,0.006133167913033051,37,15,4,Masculino,Casado,DIRECTIVOS,DIRECTIVO GENERAL,Nuevo Leon,ALFA CAD
149427,3,13890.0,4630.0,1.0,30,16,2090.0,0.0,2,2,0.8639308855291576,0.0,0.0,0.13606911447084233,0.0,41,11,2,Femenino,Casado,EJECUTIVOS,DIRECTIVO FUNCIONAL,Nuevo Leon,ALFA CARRIZALEJO
149580,4,1902.0,475.5,9.5,79,53,37.78947368421053,0.03803358284442646,10,4,0.21766561514195584,0.10436382754994743,0.4676656151419558,0.17718191377497372,0.033123028391167195,35,11,0,Masculino,Soltero,EJECUTIVOS,PROFESIONISTA,Nuevo Leon,ALFA CAD
149636,88,11057.0,125.64772727272727,5.920454545454546,11,691,20.093090211132438,0.08299689827331685,11,35,0.33820204395405623,0.12964637786017907,0.16324500316541557,0.2244731844080673,0.1444333906122818,30,8,0,Masculino,Soltero,EMPLEADOS,EMPLEADO B,Nuevo Leon,CORPORATIVO BETA COMERCIAL
150719,18,8222.5,456.80555555555554,4.944444444444445,10,164,44.056179775280896,0.15753936947367342,10,8,0.2468835512313773,0.0500456065673457,0.13688051079355426,0.5355427181514139,0.03064761325630891,33,8,0,Femenino,Soltero,EMPLEADOS,EMPLEADO A,Nuevo Leon,ALFA TORRE
151106,10,2420.6,242.06,7.3,19,94,22.28767123287671,0.06236442516268981,9,9,0.1995373048004627,0.007849293563579279,0.18718499545567216,0.5335454019664546,0.07188300421383129,36,8,0,Femenino,Casado,EMPLEADOS,GENERICO,Nuevo Leon,ALFA CARRIZALEJO
151503,83,19289.7,232.40602409638555,7.686746987951807,24,1127,24.099686520376178,0.12148725702730769,11,36,0.44474512304494107,0.01818068710244327,0.1346366195430722,0.2739493097352473,0.12848826057429613,38,8,0,Femenino,Soltero,EMPLEADOS,OFICINISTA A,Nuevo Leon,ALFA TORRE
151634,35,14423.49,412.0997142857143,8.914285714285715,24,422,41.31525641025641,0.29734004978881157,10,17,0.2647008456344477,0.24633427831960225,0.23064320771186445,0.2242453109476278,0.034076357386457784,38,8,0,Masculino,Soltero,EMPLEADOS,OFICINISTA A,Nuevo Leon,ALFA TORRE
151635,11,3347.4300000000003,304.3118181818182,7.545454545454546,351,113,32.146144578313255,0.10004032800107542,7,9,0.5557397764852439,0.004967990368730637,0.353853553322997,0.0532946170644345,0.032144062758593904,32,8,0,Masculino,Soltero,EMPLEADOS,OFICINISTA B,Nuevo Leon,ALFA TORRE
153004,50,8687.0,173.74,2.3,19,154,45.821739130434786,0.3766325095439019,7,23,0.18856912628064923,0.013813744675952573,0.10718314723149534,0.6904339818119029,0.0,41,8,0,Masculino,Soltero,EMPLEADOS,OFICINISTA A,Nuevo Leon,ALFA TORRE
156524,30,5270.75,175.69166666666666,2.4,11,185,34.251805555555556,0.12161486542788101,8,17,0.14699046625243087,0.06507612768581321,0.44627424939524735,0.3154769245363563,0.026182232130152257,31,8,0,Femenino,Soltero,EJECUTIVOS,PROFESIONISTA,Nuevo Leon,ALFA CARRIZALEJO
156983,11,30766.0,2796.909090909091,2.4545454545454546,26,199,471.9111111111111,0.021437659033078885,4,6,0.8480627965936424,0.0,0.02590522004810505,0.1260319833582526,0.0,31,8,0,Masculino,Soltero,EMPLEADOS,OFICINISTA A,Nuevo Leon,ALFA TORRE
156985,131,16576.29,126.53656488549619,3.213740458015267,12,500,34.62558194774347,0.3612345089093039,9,34,0.497674087506915,0.11371060713826797,0.09550991204907733,0.2845329081477218,0.008572485158017867,41,8,0,Femenino,Soltero,EMPLEADOS,EMPLEADO A,Nuevo Leon,ALFA TORRE
156989,18,2753.0,152.94444444444446,3.7777777777777777,11,157,34.398529411764706,0.6675080616915663,7,12,0.6248456229567745,0.07457319288049401,0.07628042135851798,0.19814747548129313,0.02615328732292045,33,8,0,Femenino,Soltero,EMPLEADOS,OFICINISTA A,Nuevo Leon,ALFA TORRE
157558,6,7886.5,1314.4166666666667,2.3333333333333335,29,72,282.2642857142857,0.02575663990117356,4,6,0.9567361947632029,0.006720344893171876,0.0014328282508083434,0.03511063209281683,0.0,31,8,0,Femenino,Soltero,EMPLEADOS,OFICINISTA A,Nuevo Leon,ALFA TORRE
157986,8,2254.8,281.85,2.75,19,36,67.46818181818182,0.1536036036036036,6,8,0.3489444740109987,0.11779315238602094,0.27851694163562174,0.2334575128614511,0.021287919105907396,31,8,0,Femenino,Soltero,EMPLEADOS,OFICINISTA A,Nuevo Leon,ALFA TORRE
158223,15,4803.8,320.25333333333333,4.0,10,98,52.419999999999995,0.07884947267497602,8,11,0.20254798284691286,0.2955160497939131,0.3265539781006703,0.117115616803364,0.05826637245513967,32,8,0,Masculino,Soltero,EMPLEADOS,OFICINISTA A,Nuevo Leon,ALFA TORRE
158614,49,15922.6,324.9510204081633,4.8979591836734695,18,325,49.73166666666667,0.0774748258960127,11,27,0.4424026226872496,0.03589237938527628,0.28700714707397035,0.2122768894527276,0.022420961400776256,32,4,0,Masculino,Soltero,EMPLEADOS,OFICINISTA A,Nuevo Leon,ALFA TORRE
158981,4,522.7,130.675,1.75,533,9,60.82857142857143,0.21457550713749057,3,3,0.2504304572412473,0.0,0.7495695427587525,0.0,0.0,30,8,0,Masculino,Soltero,EMPLEADOS,OFICINISTA A,Nuevo Leon,ALFA TORRE
159040,1,610.5,610.5,2.0,387,2,305.25,0.016116035455278,2,1,0.8198198198198198,0.0,0.0,0.18018018018018017,0.0,31,8,1,Masculino,Casado,EMPLEADOS,SUPERVISOR A,Nuevo Leon,BETA DULCES NOMBRES
159057,13,3787.0,291.3076923076923,4.923076923076923,226,166,30.359375,0.11012524379068073,10,8,0.11169791391602851,0.05294428307367309,0.31898600475310274,0.3187219434908899,0.19764985476630578,34,8,0,Masculino,Soltero,EMPLEADOS,OFICINISTA B,Nuevo Leon,ALFA TORRE
159405,22,1471.9,66.90454545454546,2.590909090909091,23,72,24.18245614035088,0.29185470291075294,7,12,0.33922141449826754,0.07167606495006454,0.052245397105781646,0.3591955975270059,0.17766152591888035,36,8,0,Masculino,Soltero,EMPLEADOS,OFICINISTA A,Nuevo Leon,ALFA CARRIZALEJO
159809,62,13514.28,217.97225806451613,6.306451612903226,18,454,30.754117647058823,0.0654534767124235,11,33,0.2862157658417615,0.2077979736989318,0.08750003699790149,0.4173022906140764,0.0011839328473288997,30,7,0,Femenino,Soltero,EMPLEADOS,OFICINISTA A,Nuevo Leon,ALFA TORRE
160211,81,11716.32,144.64592592592592,4.604938271604938,80,455,27.244289544235926,0.2614952599465483,10,31,0.45907759432996026,0.04417769401996532,0.21651849727559508,0.23053655072582518,0.04968966364865418,37,7,0,Femenino,Casado,EMPLEADOS,EMPLEADO A,Nuevo Leon,ALFA TORRE
160551,30,6184.7,206.15666666666667,5.066666666666666,18,189,28.215131578947368,0.03696610143099609,10,19,0.2763432341099811,0.03338884667000825,0.13316733228774233,0.5386680032984623,0.018432583633806007,32,7,0,Femenino,Soltero,EMPLEADOS,OFICINISTA A,Nuevo Leon,ALFA TORRE
160610,2,385.2,192.6,1.0,863,9,42.8,0.2218181818181818,1,1,1.0,0.0,0.0,0.0,0.0,31,7,0,Masculino,Soltero,EMPLEADOS,OFICINISTA B,Nuevo Leon,ALFA TORRE
160901,1,270.0,270.0,1.0,731,2,135.0,0.0,1,1,0.0,0.0,0.0,1.0,0.0,32,0,0,Masculino,Soltero,EMPLEADOS,OFICINISTA A,Nuevo Leon,ALFA TORRE
161234,27,15716.0,582.074074074074,8.666666666666666,45,450,54.57606837606837,0.4062992274710538,9,20,0.15678925935352506,0.13152201578009673,0.2605243064392975,0.4159709849834563,0.035193433443624335,35,12,0,Masculino,Soltero,EJECUTIVOS,PROFESIONISTA,Nuevo Leon,ALFA TORRE
161412,14,4767.5,340.5357142857143,3.7142857142857144,367,76,62.89807692307692,0.39743427704752277,10,8,0.5365076035658102,0.003146303093864709,0.09908757210277923,0.36125852123754587,0.0,30,7,0,Femenino,Soltero,EJECUTIVOS,PROFESIONISTA,Nuevo Leon,ALFA TORRE
161656,24,4057.0,169.04166666666666,2.5833333333333335,15,66,52.83064516129032,0.04137425864228161,5,17,0.33122997288636924,0.11794429381316243,0.3320187330539808,0.21880700024648755,0.0,29,7,0,Masculino,Soltero,EMPLEADOS,OFICINISTA A,Nuevo Leon,ALFA TORRE
161673,63,6489.18,103.00285714285715,2.1904761904761907,8,204,38.99550724637681,0.05477189302569481,8,26,0.5276475610169543,0.05293426904477915,0.22024046181489804,0.18808231548516144,0.011095392638206985,34,7,0,Femenino,Soltero,EMPLEADOS,OFICINISTA B,Nuevo Leon,ALFA TORRE
162366,2,467.0,233.5,3.0,605,7,56.166666666666664,0.13132440476190477,4,2,0.2492505353319058,0.556745182012848,0.10706638115631692,0.08693790149892934,0.0,31,7,0,Femenino,Soltero,EMPLEADOS,OFICINISTA B,Nuevo Leon,ALFA TORRE
162587,6,9940.0,1656.6666666666667,1.0,23,82,120.66666666666667,0.034013605442176874,1,4,0.0,0.0,0.0,1.0,0.0,31,5,0,Femenino,Soltero,EMPLEADOS,OFICINISTA A,Nuevo Leon,ALFA TORRE
163067,1,220.0,220.0,1.0,394,2,110.0,0.08333333333333333,1,1,0.0,0.0,0.0,1.0,0.0,31,7,0,Masculino,Soltero,EJECUTIVOS,PROFESIONISTA,Distrito Federal,ALFA TORRE
163333,1,520.0,520.0,2.0,1,2,260.0,0.0,2,1,0.7692307692307693,0.0,0.0,0.23076923076923078,0.0,38,7,0,Masculino,Soltero,EMPLEADOS,SUPERVISOR B,Nuevo Leon,BETA DULCES NOMBRES
163667,54,23188.87,429.4235185185185,12.61111111111111,3,932,28.39051395007342,0.17422315126738697,10,30,0.3788222539520037,0.012355496408406275,0.23050929174211596,0.3443345881019645,0.03397836979550965,39,7,0,Masculino,Casado,EMPLEADOS,EMPLEADO A,Nuevo Leon,ALFA TORRE
164291,19,2083.39,109.65210526315789,1.9473684210526316,17,39,52.55108108108108,0.05617921536649452,5,13,0.4899178742338207,0.03239911874397016,0.20279448399003544,0.2748885230321735,0.0,31,7,0,Femenino,Soltero,EMPLEADOS,OFICINISTA A,Nuevo Leon,ALFA CARRIZALEJO
164324,12,1955.9,162.99166666666667,2.0,393,152,35.516666666666666,0.1523726977248104,5,7,0.44358096017178794,0.020706580091006697,0.11452528247865433,0.3700598190091518,0.051127358249399256,35,7,0,Femenino,Soltero,EMPLEADOS,OFICINISTA A,Nuevo Leon,ALFA TORRE
164484,3,1264.0,421.3333333333333,1.0,12,3,421.3333333333333,0.0,1,2,1.0,0.0,0.0,0.0,0.0,51,7,3,Masculino,Casado,EMPLEADOS,GENERICO,Nuevo Leon,BETA DULCES NOMBRES
164649,24,2835.0,118.125,2.6666666666666665,16,156,27.2046875,0.06222089907710628,8,15,0.14832451499118166,0.08236331569664904,0.08871252204585538,0.418342151675485,0.26225749559082895,30,7,0,Femenino,Soltero,EJECUTIVOS,PROFESIONISTA,Nuevo Leon,ALFA TORRE
165427,134,34547.29,257.8155970149254,5.149253731343284,10,1100,37.45505797101449,0.21298240658266723,11,36,0.462895931924038,0.076795314480528,0.0657851889395666,0.38394386361419375,0.0105797010416736,38,7,0,Masculino,Casado,EJECUTIVOS,PROFESIONISTA,Nuevo Leon,ALFA CARRIZALEJO
165452,1,400.0,400.0,1.0,11,1,400.0,0.0,1,1,1.0,0.0,0.0,0.0,0.0,36,2,3,Femenino,Casado,EMPLEADOS,AUXILIAR,Nuevo Leon,CORPORATIVO BETA COMERCIAL
165463,86,19305.34,224.4806976744186,6.255813953488372,60,755,30.727137546468402,0.6417248322770422,11,31,0.3363887919093888,0.022811305058600365,0.1283862392477936,0.4629356437130866,0.04947802007113058,38,7,0,Femenino,Casado,EMPLEADOS,OFICINISTA A,Nuevo Leon,ALFA TORRE
165804,17,5364.0,315.52941176470586,5.823529411764706,18,140,38.06565656565657,0.28565721134638433,7,11,0.6105518269947801,0.0773676360924683,0.12145786726323639,0.1906226696495153,0.0,32,7,0,Masculino,Soltero,EMPLEADOS,OFICINISTA A,Nuevo Leon,ALFA TORRE
165806,23,9163.83,398.42739130434785,9.782608695652174,50,369,35.31791111111111,0.08122919590936435,9,19,0.2863213307099761,0.07885458372754624,0.3504888239960803,0.24668724758097868,0.03764801398541876,45,7,0,Femenino,Divorciado,EMPLEADOS,OFICINISTA A,Nuevo Leon,ALFA TORRE
166221,2,244.5,122.25,3.0,9,9,37.583333333333336,0.0,3,1,0.0,0.0,0.2229038854805726,0.7770961145194274,0.0,35,2,8,Femenino,Casado,EMPLEADOS,AUXILIAR,Nuevo Leon,CORPORATIVO BETA COMERCIAL
166424,6,982.0,163.66666666666666,4.833333333333333,25,40,31.24137931034483,0.5002544529262086,8,6,0.335030549898167,0.035641547861507125,0.3329938900203666,0.25967413441955195,0.03665987780040733,38,0,2,Masculino,Casado,EMPLEADOS,EMPLEADO A,Nuevo Leon,ALFA TORRE
166534,9,2478.5,275.3888888888889,10.666666666666666,1,130,21.947916666666668,0.7178137559631566,10,7,0.35041355658664514,0.1710712124268711,0.17046600766592698,0.17692152511599757,0.13112769820455922,41,7,4,Masculino,Casado,EMPLEADOS,SUPERVISOR B,Nuevo Leon,CORPORATIVO BETA COMERCIAL
166902,24,40811.56,1700.4816666666666,2.1666666666666665,15,168,364.04961538461544,0.06762253978045075,6,9,0.7394978285564189,0.00041654864455071064,0.03276032575084119,0.2273252970481893,0.0,30,7,0,Femenino,Soltero,EMPLEADOS,OFICINISTA B,Nuevo Leon,ALFA TORRE
167137,8,5770.5,721.3125,3.375,29,46,81.92592592592592,0.00765262252794497,4,7,0.921150680183693,0.0,0.02460791959102331,0.05424140022528377,0.0,32,7,0,Masculino,Separado,EMPLEADOS,OFICINISTA A,Distrito Federal,ALFA TORRE
167483,11,3728.35,338.9409090909091,3.3636363636363638,11,74,95.57702702702703,0.023813264210719245,8,6,0.33737712392881575,0.18439792401464455,0.17066530770984484,0.2726916732602894,0.03486797108640551,37,7,0,Femenino,Soltero,EJECUTIVOS,PROFESIONISTA,Distrito Federal,ALFA TORRE
167937,32,15077.82,471.181875,4.46875,11,216,86.10223776223776,0.2519099573800912,10,18,0.32254596486760023,0.2897653639584502,0.17052199853825023,0.21013647861560888,0.007030194020090438,29,6,0,Femenino,Soltero,EJECUTIVOS,PROFESIONISTA,Nuevo Leon,ALFA TORRE
167992,22,77170.8,3507.7636363636366,2.9545454545454546,2,154,254.8553846153846,0.06974826687111019,7,13,0.9456582023252318,0.0013606182649395886,0.021575518201184904,0.029753481886931325,0.0016521793217123574,35,6,0,Masculino,Casado,EJECUTIVOS,PROFESIONISTA,Nuevo Leon,ALFA TORRE
168388,14,2109.7,150.69285714285712,3.4285714285714284,31,102,29.556250000000002,0.8239172710807676,8,8,0.41683651704033753,0.05688012513627531,0.24766554486419873,0.2655827842821254,0.01303502867706309,33,6,0,Masculino,Soltero,EMPLEADOS,EMPLEADO B,Nuevo Leon,ALFA CARRIZALEJO
168770,4,1932.0,483.0,1.0,397,7,258.375,0.10348027842227378,3,4,0.5590062111801242,0.37111801242236025,0.0,0.06987577639751552,0.0,31,6,0,Masculino,Soltero,EMPLEADOS,OFICINISTA B,Nuevo Leon,ALFA TORRE
168833,82,17557.79,214.11939024390244,6.048780487804878,9,604,30.27227822580645,0.3160494740942735,10,26,0.2580905683460162,0.1080779528630881,0.4052218417010341,0.22860963708986154,0.0,39,6,0,Femenino,Soltero,EMPLEADOS,EMPLEADO A,Nuevo Leon,ALFA TORRE
169176,14,14158.5,1011.3214285714286,1.0,12,82,330.89285714285717,0.08863570532007338,5,8,0.34947204859271813,0.025320478864286473,0.23604195359677932,0.38916551894621604,0.0,30,6,0,Femenino,Soltero,EMPLEADOS,OFICINISTA A,Nuevo Leon,ALFA CAD
169685,25,8250.8,330.032,5.68,18,427,29.824647887323945,0.15747881139589504,8,18,0.18268531536335872,0.22108159208803996,0.12499393998157755,0.4216560818344888,0.04958307073253503,42,6,0,Masculino,Casado,EMPLEADOS,OFICINISTA A,Nuevo Leon,ALFA CARRIZALEJO
170162,54,10979.67,203.32722222222222,5.203703703703703,23,299,38.30590747330961,0.5261194577400656,6,28,0.4492575824227868,0.06967422518163115,0.14025649222608694,0.3408117001694951,0.0,34,6,0,Femenino,Soltero,EMPLEADOS,AUXILIAR,Nuevo Leon,ALFA CARRIZALEJO
170181,59,34477.58,584.3657627118645,10.35593220338983,11,1399,29.08671031096563,0.20444739799297149,12,24,0.40598325056456974,0.02741694747717212,0.16524071585070646,0.303187752736706,0.09817133337084563,30,6,0,Femenino,Soltero,EMPLEADOS,OFICINISTA A,Nuevo Leon,ALFA TORRE
170488,1,753.0,753.0,1.0,383,1,753.0,0.0,1,1,1.0,0.0,0.0,0.0,0.0,36,6,3,Masculino,Casado,EMPLEADOS,AUXILIAR,Nuevo Leon,BETA DULCES NOMBRES
170769,8,1481.1,185.1375,2.875,11,59,43.61739130434783,0.03780939388033522,5,7,0.14077374924042943,0.0,0.5327121733846466,0.062115994868678685,0.2643980825062454,32,6,0,Femenino,Soltero,EMPLEADOS,OFICINISTA A,Nuevo Leon,ALFA CARRIZALEJO
171126,4,1489.49,372.3725,5.25,158,28,64.26619047619047,0.09771625878362007,7,3,0.6047640467542581,0.09197779105599903,0.23779951527032742,0.04934574921617466,0.016112897703240706,47,6,0,Masculino,Casado,EMPLEADOS,AUXILIAR,Nuevo Leon,ALFA TORRE
173161,28,6376.7,227.7392857142857,2.892857142857143,122,131,45.1641975308642,0.034641354043661254,8,17,0.2534696629918296,0.2015933006100334,0.18471936895259303,0.32916712406103465,0.031050543384509226,30,6,0,Femenino,Soltero,EMPLEADOS,OFICINISTA A,Nuevo Leon,ALFA TORRE
173172,47,16937.17,360.3653191489361,8.553191489361701,22,735,30.755547263681592,0.5783424822933394,11,31,0.32966546359279625,0.16695351112375917,0.2951833157487349,0.15604732077436786,0.0521503887603419,43,6,1,Femenino,Casado,EMPLEADOS,GENERICO,Nuevo Leon,ALFA TORRE
173317,10,2020.6,202.06,4.9,261,64,32.295918367346935,0.08945067820287504,3,9,0.27333465307334454,0.0,0.0,0.6598535088587548,0.06681183806790063,29,7,0,Masculino,Soltero,EMPLEADOS,OFICINISTA A,Nuevo Leon,ALFA CARRIZALEJO
173578,50,13893.3,277.866,7.22,16,736,24.925484764542936,0.07246908964670068,8,34,0.5167166907790086,0.03701784313302095,0.12918457098025668,0.29221999093088036,0.024860904176833436,36,6,0,Masculino,Casado,EMPLEADOS,OFICINISTA B,Nuevo Leon,ALFA TORRE
174886,2,2592.1,1296.05,2.0,380,6,525.8025,0.11893269884432359,2,2,0.8958373519540141,0.0,0.0,0.10416264804598588,0.0,28,6,0,Femenino,Soltero,EMPLEADOS,OFICINISTA A,Nuevo Leon,ALFA CARRIZALEJO
175617,1,354.0,354.0,1.0,376,1,354.0,0.10152284263959391,1,1,1.0,0.0,0.0,0.0,0.0,29,6,1,Masculino,Casado,EMPLEADOS,AUXILIAR,Nuevo Leon,BETA DULCES NOMBRES
175646,8,11268.0,1408.5,1.375,17,76,144.13636363636363,0.007005948446794448,4,4,0.4273162939297125,0.0056798012069577564,0.008164714235001775,0.558839190628328,0.0,55,6,0,Femenino,Viudo,EMPLEADOS,GENERICO,Nuevo Leon,ALFA CARRIZALEJO
176052,101,28248.21,279.68524752475247,6.643564356435643,18,1221,33.2153651266766,0.1809174891845185,12,36,0.34353539569409886,0.1363070438799485,0.22898194257264443,0.2458169915899096,0.045358626263398635,44,6,2,Femenino,Casado,EMPLEADOS,OFICINISTA B,Nuevo Leon,ALFA TORRE
176086,25,10389.34,415.5736,4.76,19,202,71.04487394957984,0.07041328525540654,6,18,0.5097628915792534,0.13263595185064692,0.20381467927702818,0.1382898239926694,0.015496653300402143,27,6,0,Femenino,Soltero,EMPLEADOS,GENERICO,Nuevo Leon,ALFA CARRIZALEJO
176090,81,19611.13,242.11271604938273,5.049382716049383,19,668,37.000244498777505,0.32165656649510205,11,31,0.5068218914463369,0.062425265652718644,0.1803164835478629,0.2097400812701767,0.04069627808290497,28,6,0,Femenino,Soltero,EMPLEADOS,GENERICO,Nuevo Leon,ALFA CARRIZALEJO
176092,67,7414.89,110.67,3.1940298507462686,15,310,26.0957476635514,0.4354090047285104,8,28,0.31826500460559765,0.0725472663788674,0.11352831936819022,0.4768189413463989,0.0188404683009458,43,10,0,Femenino,Soltero,EMPLEADOS,EMPLEADO A,Nuevo Leon,ALFA TORRE
176096,19,4106.74,216.1442105263158,7.526315789473684,795,173,23.503776223776224,0.14510595778342147,8,10,0.3978338049158213,0.022694399937663454,0.058416164646410536,0.429157920881283,0.09189770961882174,35,6,2,Masculino,Casado,EMPLEADOS,OFICINISTA B,Nuevo Leon,ALFA TORRE
176108,1,354.0,354.0,1.0,376,1,354.0,0.10152284263959391,1,1,1.0,0.0,0.0,0.0,0.0,28,6,0,Masculino,Soltero,EMPLEADOS,AUXILIAR,Nuevo Leon,BETA DULCES NOMBRES
176266,40,11148.5,278.7125,2.975,15,132,85.9873949579832,0.16286840623240098,6,16,0.3182490918060726,0.1423061398394403,0.38785486836794186,0.14898865318204244,0.002601246804502848,28,1,0,Masculino,Soltero,EJECUTIVOS,PROFESIONISTA,Nuevo Leon,ALFA CARRIZALEJO
176268,188,56233.31,299.1133510638298,9.925531914893616,8,2470,26.507041800643087,0.513814539235809,12,36,0.39263472130664195,0.13432074334589233,0.1473037955617409,0.28096300929111234,0.04477773049461254,44,6,0,Masculino,Casado,EMPLEADOS,EMPLEADO A,Nuevo Leon,ALFA TORRE
176420,30,5400.42,180.014,5.5,484,193,30.018303030303027,0.3681404953842914,10,18,0.27260657504416325,0.14021131689757463,0.12426811248014044,0.37750026849763535,0.08541372708048633,30,6,0,Masculino,Soltero,EMPLEADOS,OFICINISTA B,Nuevo Leon,ALFA CARRIZALEJO
176785,59,8592.210000000001,145.6306779661017,3.3389830508474576,19,351,37.28959390862944,0.08662499601364926,9,30,0.3066370584517837,0.03025996804081837,0.2961054257286542,0.18477667561663416,0.18222087216210966,29,6,0,Femenino,Soltero,EMPLEADOS,OFICINISTA B,Nuevo Leon,ALFA TORRE
177264,56,9123.53,162.92017857142858,3.142857142857143,12,294,39.990227272727275,0.4598027141605286,10,26,0.3019335717644377,0.08975692522521439,0.2397438272247694,0.3132690965010254,0.05529657928455325,29,6,0,Femenino,Soltero,EMPLEADOS,OFICINISTA A,Nuevo Leon,ALFA TORRE
177306,1,762.0,762.0,1.0,12,2,381.0,0.5719101123595506,1,1,1.0,0.0,0.0,0.0,0.0,38,5,3,Masculino,Casado,EMPLEADOS,GENERICO,Nuevo Leon,BETA DULCES NOMBRES
177974,23,5216.06,226.78521739130437,4.086956521739131,71,223,45.41106382978724,0.11261993875467845,11,11,0.4653742479956136,0.06998385754765092,0.1562942144070429,0.2947550449956481,0.013592635054044627,35,6,0,Masculino,Casado,EMPLEADOS,EMPLEADO B,Nuevo Leon,CORPORATIVO BETA COMERCIAL
178521,12,11239.0,936.5833333333334,1.5,18,25,606.6111111111111,0.06842388826723031,2,8,0.89429664560904,0.0,0.0,0.10570335439096006,0.0,40,5,0,Masculino,Soltero,EMPLEADOS,OFICINISTA A,Nuevo Leon,ALFA TORRE
179207,1,55.2,55.2,1.0,956,2,27.6,0.014285714285714287,1,1,1.0,0.0,0.0,0.0,0.0,28,5,0,Femenino,Soltero,EMPLEADOS,OFICINISTA A,Nuevo Leon,ALFA TORRE
179208,38,5498.0,144.68421052631578,3.210526315789474,26,173,37.777868852459015,0.08248919446623165,9,20,0.37782830120043664,0.019825391051291382,0.37297198981447804,0.18886867951982544,0.040505638413968724,30,5,0,Masculino,Soltero,EJECUTIVOS,PROFESIONISTA,Nuevo Leon,ALFA TORRE
179210,8,4552.08,569.01,6.625,269,120,49.28339622641509,0.1208868460186562,7,5,0.4217412699249574,0.3090499288237465,0.15509393508022706,0.11411486617106906,0.0,29,5,0,Masculino,Soltero,EJECUTIVOS,PROFESIONISTA,Nuevo Leon,ALFA TORRE
179211,65,8865.22,136.38799999999998,4.015384615384615,22,300,32.359233716475096,0.46651421693997286,8,29,0.5105118654697797,0.002820008978908589,0.05544137652534286,0.42195230349613433,0.009274445529834568,28,5,0,Masculino,Soltero,EMPLEADOS,OFICINISTA A,Nuevo Leon,ALFA TORRE
179356,3,841.0,280.3333333333333,7.333333333333333,23,41,28.90909090909091,0.11146328578975172,5,3,0.38347205707491083,0.04756242568370987,0.011296076099881093,0.42984542211652793,0.1278240190249703,33,5,0,Masculino,Soltero,EMPLEADOS,EMPLEADO A,Nuevo Leon,BETA CORP NORESTE
179461,53,7894.33,148.94962264150942,3.9056603773584904,17,242,33.47932367149759,0.6619809373742219,7,21,0.4436475293026767,0.03483512850362221,0.13077740606232574,0.3870879479322501,0.0036519881991251943,29,5,0,Femenino,Soltero,EMPLEADOS,OFICINISTA A,Sonora,ALFA TORRE
179731,20,3456.09,172.80450000000002,5.55,158,141,25.88594594594595,0.44075536425127027,11,15,0.3832654820910335,0.12220167877572635,0.2792317329699169,0.19634905341006748,0.018952052753255847,29,5,0,Masculino,Soltero,EMPLEADOS,EMPLEADO A,Nuevo Leon,ALFA TORRE
179734,8,4409.4,551.175,4.125,18,51,64.95909090909092,0.10923011656330175,6,6,0.48754932643897136,0.010568331292239308,0.03129677507143829,0.4615140381911372,0.009071529006213998,53,5,0,Masculino,Casado,EJECUTIVOS,PROFESIONISTA,Nuevo Leon,ALFA CARRIZALEJO
180393,2,845.69,422.845,1.5,375,3,281.8966666666667,0.06398450470392916,2,1,0.8699286972767799,0.0,0.0,0.1300713027232201,0.0,46,5,2,Masculino,Casado,EMPLEADOS,GENERICO,Nuevo Leon,BETA DULCES NOMBRES
180543,10,3838.5,383.85,12.2,15,208,24.979508196721312,0.6250366318257302,10,8,0.25999739481568324,0.16047935391428944,0.24892536146932395,0.16829490686466067,0.16230298293604273,31,5,0,Masculino,Soltero,EMPLEADOS,OFICINISTA A,Nuevo Leon,ALFA TORRE
180592,88,13592.460000000001,154.45977272727274,3.6818181818181817,26,694,26.063765432098766,0.14216093404859578,7,29,0.24233435301630465,0.0,0.4658980052175986,0.2808056819736825,0.010961959792414324,27,5,0,Femenino,Soltero,EMPLEADOS,OFICINISTA A,Nuevo Leon,ALFA TORRE
180695,7,1364.3400000000001,194.9057142857143,6.428571428571429,205,51,27.925333333333334,0.5397739922415247,10,7,0.21592858085228023,0.036647756424351696,0.28039198440271484,0.39996628406408957,0.0670653942565636,29,5,0,Masculino,Soltero,EMPLEADOS,OFICINISTA A,Estado de Mexico,ALFA TORRE
181381,54,9109.15,168.68796296296296,4.62962962962963,24,335,28.8126,0.09744860044587565,9,31,0.2847137219169736,0.06229560387083318,0.10813303107315173,0.5388087801825637,0.006048862956477828,29,8,0,Femenino,Soltero,EMPLEADOS,OFICINISTA A,Nuevo Leon,ALFA TORRE
181383,46,6409.5,139.33695652173913,6.934782608695652,19,327,19.879310344827587,0.04844264972237893,9,22,0.10500039004602543,0.3281067165925579,0.4339652078945316,0.05312426866370232,0.07980341680318277,32,5,0,Femenino,Soltero,EMPLEADOS,OFICINISTA A,Nuevo Leon,ALFA TORRE
181483,22,7024.5,319.29545454545456,9.318181818181818,39,285,30.7609756097561,0.14974097027210223,9,12,0.39725247348565734,0.05907893800270482,0.35838849740195033,0.12534699978646166,0.05993309132322585,29,5,0,Masculino,Soltero,EMPLEADOS,OFICINISTA B,San Luis Potosi,ALFA TORRE
181700,29,13368.619999999999,460.9868965517241,12.517241379310345,24,428,32.997217630853996,0.20530082808719585,9,21,0.27636360372274776,0.10157144118091471,0.28280031895588326,0.2890425488943511,0.05022208724610319,29,5,0,Femenino,Soltero,EMPLEADOS,OFICINISTA A,Nuevo Leon,ALFA TORRE
181701,13,3387.5,260.5769230769231,2.3076923076923075,29,41,64.65,0.0495580932072613,6,9,0.6552029520295203,0.24717343173431736,0.020428044280442804,0.07055350553505535,0.006642066420664207,29,5,0,Femenino,Soltero,EMPLEADOS,EMPLEADO A,Nuevo Leon,ALFA CARRIZALEJO
181791,30,3998.5,133.28333333333333,2.9,11,110,35.39655172413793,0.031159894356812285,7,15,0.22220832812304614,0.004751781918219332,0.14130298862073276,0.6089783668875829,0.022758534450418907,32,5,0,Femenino,Soltero,EMPLEADOS,OFICINISTA A,Nuevo Leon,ALFA TORRE
182426,6,1487.8600000000001,247.9766666666667,2.3333333333333335,351,19,91.33285714285715,0.10261761158021712,2,6,0.7413735163254608,0.0,0.0,0.2586264836745393,0.0,28,5,0,Femenino,Soltero,EMPLEADOS,OFICINISTA B,Nuevo Leon,ALFA TORRE
183304,3,2190.0,730.0,1.6666666666666667,16,8,226.6,0.029900332225913623,2,2,0.9269406392694064,0.0730593607305936,0.0,0.0,0.0,33,5,1,Masculino,Casado,EMPLEADOS,EMPLEADO B,Nuevo Leon,BETA DULCES NOMBRES
184084,24,3842.2200000000003,160.0925,1.75,10,66,60.51238095238095,0.04505530011184292,6,16,0.5675104496879408,0.015095439615638874,0.03825913143963646,0.3320788502480337,0.04705612900875015,27,5,0,Femenino,Soltero,EMPLEADOS,EMPLEADO A,Nuevo Leon,ALFA TORRE
184124,3,1583.0,527.6666666666666,1.3333333333333333,1,4,395.75,0.0,2,2,0.9241945672773215,0.0,0.0,0.07580543272267846,0.0,25,5,0,Masculino,Soltero,EMPLEADOS,AUXILIAR,Nuevo Leon,BETA DULCES NOMBRES
184366,19,1975.9,103.99473684210527,1.9473684210526316,50,42,49.48918918918919,0.11175545066307037,4,15,0.11058251935826711,0.4248190697909813,0.052634242623614554,0.411964168227137,0.0,29,5,0,Femenino,Soltero,EMPLEADOS,EMPLEADO B,Nuevo Leon,ALFA TORRE
184711,8,6125.0,765.625,1.0,17,40,276.25,0.01606425702811245,2,4,0.0,0.0,0.23510204081632652,0.7648979591836734,0.0,31,5,0,Masculino,Soltero,EMPLEADOS,OFICINISTA A,Nuevo Leon,ALFA CARRIZALEJO
184750,31,7850.61,253.24548387096772,5.161290322580645,585,319,28.7963125,0.06312950498830493,8,11,0.4059175019520776,0.013134011242438487,0.056390522519906096,0.44399097649736774,0.08056698778821009,34,5,0,Femenino,Casado,EJECUTIVOS,PROFESIONISTA,Nuevo Leon,ALFA TORRE
184933,20,4110.09,205.5045,5.65,611,123,34.15566371681416,0.13453002610966058,11,13,0.34648876301978787,0.12161534175650655,0.16586984713230124,0.3494570678500957,0.01656898024130858,27,5,0,Masculino,Soltero,EMPLEADOS,OFICINISTA A,Nuevo Leon,ALFA TORRE
185012,71,19338.71,272.37619718309855,7.450704225352113,3,668,30.27725897920605,0.1764227399908863,11,33,0.4927510676772132,0.04335604598238456,0.23234590104510594,0.19045841216916742,0.04108857312612889,32,5,0,Masculino,Soltero,EMPLEADOS,COORDINADOR,Nuevo Leon,CORPORATIVO BETA COMERCIAL
185284,3,762.8,254.26666666666665,1.0,947,3,254.26666666666665,0.18894205209994683,1,2,0.0,0.0,0.0,1.0,0.0,34,5,0,Masculino,Soltero,EMPLEADOS,EMPLEADO A,Nuevo Leon,ALFA TORRE
185288,20,8499.1,424.95500000000004,1.25,11,40,254.144,0.05701764118495506,5,15,0.3909237448671036,0.04588721158710922,0.37985198432775236,0.18333705921803484,0.0,29,5,0,Femenino,Soltero,EMPLEADOS,OFICINISTA B,Nuevo Leon,ALFA TORRE
185349,3,292.2,97.39999999999999,3.0,779,10,27.022222222222226,0.19945205479452055,4,2,0.7943189596167008,0.0,0.032169746748802186,0.09548254620123202,0.07802874743326488,29,5,0,Femenino,Soltero,EMPLEADOS,OFICINISTA A,Nuevo Leon,ALFA TORRE
185368,87,15691.77,180.36517241379312,4.563218390804598,15,426,37.17700251889169,0.16076213397513037,10,36,0.539811633741764,0.04209786403955704,0.16450661716300966,0.2535838850556693,0.0,27,5,0,Masculino,Soltero,EMPLEADOS,OFICINISTA B,Nuevo Leon,ALFA TORRE
185944,30,8385.08,279.50266666666664,3.7,10,352,30.345765765765766,0.10670629720775138,9,18,0.15024305075205008,0.13058909396213275,0.19557356638219314,0.4963816683919533,0.02721262051167073,30,5,0,Femenino,Soltero,EMPLEADOS,COORDINADOR,Nuevo Leon,ALFA TORRE
186129,13,1816.27,139.71307692307693,3.923076923076923,388,96,25.528823529411767,0.10743980343980343,8,9,0.2821717035462789,0.04388664680911979,0.2975328557978715,0.2263209765067969,0.15008781733993296,30,5,0,Femenino,Soltero,EMPLEADOS,OFICINISTA A,Nuevo Leon,ALFA CARRIZALEJO
186542,25,5494.36,219.77439999999999,5.16,323,162,38.995581395348836,0.11662539794835516,10,13,0.4294221710990907,0.2634264955336017,0.17053851585989996,0.13442875967355614,0.0021840578338514403,38,4,2,Masculino,Casado,EMPLEADOS,OFICINISTA A,Nuevo Leon,ALFA CARRIZALEJO
186618,68,11246.81,165.39426470588234,4.602941176470588,19,428,27.584057507987218,0.14663070117532798,6,35,0.3704952782166677,0.023828979061618363,0.01783794693784282,0.585277069675757,0.002560726108114212,27,4,0,Femenino,Soltero,EMPLEADOS,EMPLEADO B,Nuevo Leon,ALFA CARRIZALEJO
186940,1,313.6,313.6,2.0,933,14,23.4,0.19383033419023135,1,1,1.0,0.0,0.0,0.0,0.0,29,4,0,Femenino,Soltero,EMPLEADOS,EMPLEADO B,Nuevo Leon,ALFA CARRIZALEJO
187196,11,1704.9,154.9909090909091,3.727272727272727,18,52,35.707317073170735,0.15532600079270711,6,7,0.6535867206287759,0.12816000938471464,0.02985512346765206,0.1750835826148161,0.013314563904041291,33,4,2,Masculino,Divorciado,EMPLEADOS,EMPLEADO A,Nuevo Leon,CORPORATIVO BETA COMERCIAL
187239,3,999.0,333.0,1.0,12,8,126.5,0.019627085377821395,2,2,0.2992992992992993,0.0,0.0,0.7007007007007007,0.0,30,4,1,Masculino,UnionLibre,EMPLEADOS,EMPLEADO B,Nuevo Leon,BETA DULCES NOMBRES
187241,1,299.0,299.0,1.0,382,2,149.5,0.0,1,1,1.0,0.0,0.0,0.0,0.0,30,4,2,Masculino,UnionLibre,EMPLEADOS,EMPLEADO B,Nuevo Leon,BETA DULCES NOMBRES
187280,7,3553.4,507.62857142857143,4.0,15,56,71.425,0.11782522343594837,3,4,0.4800472786626893,0.0,0.030956267237012444,0.48899645410029835,0.0,37,4,0,Masculino,Casado,EMPLEADOS,OFICINISTA A,Nuevo Leon,ALFA CARRIZALEJO
187338,44,9837.95,223.58977272727273,2.5681818181818183,4,151,69.81,0.14776499532208326,8,21,0.6916430760473474,0.16694534938681332,0.017158046137660796,0.10694301150137986,0.017310516926798778,27,4,0,Femenino,Soltero,EMPLEADOS,EMPLEADO A,Nuevo Leon,ALFA TORRE
187343,154,32473.78,210.8687012987013,2.642857142857143,2,680,45.30683046683047,0.10510721204588856,9,35,0.2588180371980102,0.0257746403406071,0.0283182308927387,0.6714025900280165,0.015686501540627545,29,4,0,Femenino,Soltero,EMPLEADOS,OFICINISTA A,Coahuila,ALFA CARRIZALEJO
187492,124,25111.9,202.51532258064518,3.282258064516129,16,628,42.034889434889436,0.09856844402644861,6,36,0.4881191785567799,0.038467818046424206,0.014120795320147024,0.42095181965522327,0.0383403884214257,31,4,0,Femenino,Soltero,EMPLEADOS,OFICINISTA A,Nuevo Leon,ALFA TORRE
187609,24,12196.52,508.18833333333333,8.583333333333334,12,515,32.100194174757284,0.19008094880768187,12,17,0.41879978879221286,0.04939113779996262,0.20611617084217468,0.25657482626191735,0.06911807630373255,37,4,0,Masculino,Casado,EMPLEADOS,EMPLEADO A,Nuevo Leon,ALFA CARRIZALEJO
187633,2,579.0,289.5,3.5,8,12,68.92857142857143,0.01446808510638298,3,2,0.7858376511226253,0.0,0.18739205526770294,0.02677029360967185,0.0,29,4,0,Masculino,Soltero,EJECUTIVOS,PROFESIONISTA,Nuevo Leon,ALFA CARRIZALEJO
187635,31,2282.9,73.64193548387097,1.3548387096774193,18,46,48.63095238095238,0.12186021464015077,5,20,0.66016908318367,0.07700731525691008,0.12221297472513033,0.14061062683428974,0.0,27,4,0,Femenino,Soltero,EMPLEADOS,OFICINISTA A,Nuevo Leon,ALFA CARRIZALEJO
187785,3,1454.5,484.8333333333333,17.333333333333332,43,116,19.259615384615383,0.034260673262067595,8,2,0.32451014094190445,0.12891027844620145,0.1509109659676865,0.24853901684427637,0.14712959779993126,32,4,0,Femenino,Soltero,EMPLEADOS,OFICINISTA A,Estado de Mexico,ALFA TORRE
187971,1,723.0,723.0,1.0,16,2,361.5,0.0,1,1,1.0,0.0,0.0,0.0,0.0,32,3,0,Femenino,Soltero,EMPLEADOS,COORDINADOR,Estado de Mexico,ALFA TORRE
187988,7,1956.8,279.54285714285714,9.428571428571429,303,140,19.374242424242425,0.8743304861601696,8,7,0.22536794766966475,0.07154538021259199,0.23165372035977105,0.32374284546197873,0.14769010629599347,32,4,0,Masculino,Casado,EMPLEADOS,EMPLEADO A,Nuevo Leon,EMPLOYEE SERVICES
188419,22,8216.2,373.4636363636364,1.8636363636363635,18,94,48.59024390243903,0.04901790571431878,5,13,0.06494486502275991,0.023380638251259703,0.01357075046858645,0.8981037462573939,0.0,28,4,0,Femenino,Soltero,EMPLEADOS,OFICINISTA A,Nuevo Leon,ALFA TORRE
188422,6,2979.8,496.6333333333334,1.0,11,21,182.98333333333335,0.06082955118507312,3,4,0.358413316329955,0.0,0.013356601114168734,0.6282300825558762,0.0,28,4,0,Masculino,Soltero,EMPLEADOS,OFICINISTA A,Nuevo Leon,ALFA TORRE
188431,1,1600.0,1600.0,1.0,11,4,400.0,0.0,1,1,1.0,0.0,0.0,0.0,0.0,34,4,0,Masculino,Soltero,EJECUTIVOS,PROFESIONISTA,Nuevo Leon,ALFA TORRE
188586,1,466.5,466.5,2.0,687,2,233.25,0.392578125,2,1,0.0,0.9003215434083601,0.09967845659163987,0.0,0.0,35,4,0,Femenino,Casado,EMPLEADOS,OFICINISTA A,Nuevo Leon,ALFA TORRE
188613,13,5153.82,396.4476923076923,1.5384615384615385,18,35,172.49099999999999,0.01097294185377087,6,8,0.37292726560104933,0.050448017198893254,0.10965070569014829,0.46697401150990914,0.0,29,4,0,Femenino,Soltero,EMPLEADOS,OFICINISTA A,Nuevo Leon,ALFA TORRE
188640,38,36471.13,959.7665789473683,7.7894736842105265,12,397,95.31179054054054,0.1760499009346259,11,20,0.4884010997191477,0.2876850813232274,0.1426585905070668,0.06655236621404381,0.014702862236514194,49,4,3,Femenino,Casado,EJECUTIVOS,PROFESIONISTA,Nuevo Leon,ALFA CARRIZALEJO
189045,2,717.0,358.5,1.0,12,2,358.5,0.004166666666666667,1,2,0.0,1.0,0.0,0.0,0.0,27,4,1,Masculino,Casado,EMPLEADOS,AUXILIAR,Nuevo Leon,BETA DULCES NOMBRES
189645,1,361.5,361.5,1.0,12,1,361.5,0.0,1,1,1.0,0.0,0.0,0.0,0.0,34,4,3,Masculino,Casado,EMPLEADOS,AUXILIAR,Nuevo Leon,BETA DULCES NOMBRES
189647,4,1142.0,285.5,4.0,12,27,42.3125,0.03302286198137172,7,2,0.3480735551663748,0.0,0.10376532399299475,0.5096322241681261,0.03852889667250438,29,4,2,Masculino,UnionLibre,EMPLEADOS,AUXILIAR,Nuevo Leon,BETA DULCES NOMBRES
189689,84,18318.76,218.08047619047616,5.488095238095238,8,822,26.619327548806943,0.17624101196605793,8,35,0.10647554747155374,0.02535979509530121,0.3085634617190246,0.5144343831132674,0.04516681260085289,49,4,0,Femenino,Soltero,EMPLEADOS,GENERICO,Nuevo Leon,ALFA CARRIZALEJO
189880,20,4972.6,248.63000000000002,3.95,74,142,40.549367088607596,0.07161793809043726,8,13,0.29580098942203276,0.06475485661424607,0.4496641595945783,0.16594940272694364,0.02383059164219925,27,4,0,Femenino,Soltero,EMPLEADOS,OFICINISTA B,Sinaloa,ALFA TORRE
190243,10,3936.9,393.69,4.6,26,86,35.49782608695652,0.26143888940999915,6,9,0.1859584952627702,0.06375574690746526,0.04305417968452335,0.6435266326297341,0.06370494551550712,30,4,0,Femenino,Soltero,EMPLEADOS,EMPLEADO A,Nuevo Leon,ALFA TORRE
190530,8,1232.7,154.0875,1.75,115,25,62.050000000000004,0.0629418472063854,3,7,0.23403910116005516,0.24620751196560395,0.0,0.5197533868743409,0.0,30,5,0,Femenino,Soltero,EMPLEADOS,OFICINISTA A,Nuevo Leon,ALFA CARRIZALEJO
190568,2,2653.0,1326.5,3.0,16,43,80.0,0.0,1,1,1.0,0.0,0.0,0.0,0.0,29,1,0,Masculino,Soltero,EMPLEADOS,OFICINISTA A,Nuevo Leon,ALFA TORRE
190976,8,2911.2,363.9,4.0,227,52,60.44375,0.4074496234479951,7,7,0.13035861500412202,0.1080997526793075,0.2756595218466612,0.4803860950810663,0.005496015388843089,28,4,0,Masculino,Soltero,EMPLEADOS,OFICINISTA A,Nuevo Leon,ALFA TORRE
190977,25,3898.3,155.93200000000002,5.24,12,250,24.458396946564886,0.4761687203536731,11,12,0.40112356668291305,0.06348921324679989,0.18895415950542543,0.18969807351922632,0.15673498704563527,27,4,0,Masculino,Soltero,EMPLEADOS,OFICINISTA A,Nuevo Leon,ALFA TORRE
191219,50,13566.43,271.3286,6.48,65,503,34.05935185185185,0.11206762266917121,10,23,0.49528578999781075,0.06423944987738116,0.1316595449208082,0.24625638432513197,0.06255883087886792,27,4,0,Masculino,Soltero,EMPLEADOS,EMPLEADO A,Nuevo Leon,ALFA TORRE
191857,2,434.82,217.41,2.0,37,6,50.955,0.01735593220338983,2,2,0.8474771169679408,0.0,0.0,0.15252288303205924,0.0,27,4,0,Femenino,Soltero,EMPLEADOS,OFICINISTA B,Nuevo Leon,ALFA TORRE
191891,9,3320.4,368.93333333333334,8.11111111111111,116,103,32.86164383561644,0.05667774652688997,6,8,0.5464401879291652,0.03614022406938923,0.03463438139983135,0.3261655222262378,0.05661968437537646,39,4,0,Masculino,Casado,EMPLEADOS,OFICINISTA A,Nuevo Leon,ALFA TORRE
191900,11,2574.47,234.04272727272726,5.363636363636363,8,73,39.056101694915256,0.12604813796381162,6,8,0.5676896603961203,0.0842775406200111,0.050495830209713065,0.2975369687741554,0.0,35,4,0,Masculino,Soltero,EMPLEADOS,EMPLEADO A,Nuevo Leon,ALFA TORRE
192102,49,9748.19,198.9426530612245,4.918367346938775,24,368,30.159709543568464,0.06416777067373233,10,28,0.39589913614732586,0.0,0.09318653001223819,0.49126966134225947,0.01964467249817659,33,4,0,Femenino,Soltero,EMPLEADOS,OFICINISTA A,Nuevo Leon,ALFA TORRE
192182,25,11347.92,453.9168,7.96,30,300,49.24834170854271,0.3641125643008439,9,18,0.25488371437232554,0.11539559672609608,0.39612721979005855,0.22253417366354367,0.011059295447976372,63,38,0,Masculino,Casado,EJECUTIVOS,PROFESIONISTA,Nuevo Leon,ALFA CARRIZALEJO
192554,4,1417.1999999999998,354.29999999999995,4.25,745,21,80.34117647058824,0.34952035617570115,5,2,0.8297346881174146,0.011995484053062375,0.021168501270110072,0.10859441151566468,0.028506915043748228,33,4,0,Masculino,Soltero,EMPLEADOS,OFICINISTA A,Nuevo Leon,ALFA TORRE
192992,62,18154.07,292.8075806451613,7.112903225806452,8,709,33.9495918367347,0.25337366542188305,9,33,0.3445232942254822,0.0709207356807592,0.2614152088209421,0.22173540148297324,0.10140535978984327,32,4,0,Masculino,Soltero,EMPLEADOS,OFICINISTA A,Nuevo Leon,ALFA TORRE
193410,15,8769.48,584.632,2.2,18,72,100.7421212121212,0.05184560493026273,5,10,0.39808289659136004,0.03808663683593554,0.017218808868940918,0.5466116577037635,0.0,40,4,0,Femenino,Soltero,EMPLEADOS,OFICINISTA A,Nuevo Leon,ALFA TORRE
194046,139,34551.28,248.5703597122302,5.474820143884892,10,1237,29.09676741130092,0.06414804060715718,8,36,0.6272850094120971,0.004008534560803536,0.043190295699609395,0.257443429013339,0.06807273131415102,31,4,1,Femenino,Casado,EMPLEADOS,EMPLEADO A,Nuevo Leon,CORPORATIVO BETA COMERCIAL
194962,3,587.0,195.66666666666666,4.333333333333333,11,22,34.84615384615385,0.00676818950930626,5,3,0.5894378194207837,0.20442930153321975,0.036626916524701875,0.13884156729131175,0.030664395229982964,34,3,2,Femenino,Casado,EMPLEADOS,OFICINISTA A,Nuevo Leon,BETA CORP NORESTE
195444,14,4461.18,318.6557142857143,2.2857142857142856,18,90,45.691875,0.06926896436618543,5,10,0.10109432930300952,0.0,0.2155662851532554,0.6794166565796493,0.003922728964085735,33,3,0,Masculino,Soltero,EJECUTIVOS,PROFESIONISTA,Puebla,ALFA TORRE
195450,51,9967.76,195.4462745098039,3.0,18,467,27.08986928104575,0.08240817453742061,5,24,0.09329076944067674,0.0,0.014245928874692006,0.6617876032328226,0.23067569845180863,29,3,0,Femenino,Soltero,EMPLEADOS,EMPLEADO B,Nuevo Leon,ALFA TORRE
195550,19,2615.4,137.65263157894736,1.6842105263157894,15,169,39.090625,0.0603578357404613,8,14,0.12923453391450637,0.10376997782365985,0.6064081975988377,0.10323468685478321,0.05735260380821289,32,3,0,Masculino,Soltero,EMPLEADOS,OFICINISTA A,Nuevo Leon,ALFA TORRE
195731,16,4769.5,298.09375,4.1875,32,95,62.149253731343286,0.1524655708573967,5,7,0.7824719572282209,0.0,0.011636439878393962,0.17947373938567984,0.02641786350770521,27,3,0,Masculino,Soltero,EMPLEADOS,OFICINISTA A,Nuevo Leon,ALFA TORRE
196151,11,2512.17,228.3790909090909,4.454545454545454,260,56,46.89122448979592,0.27985322784084393,8,8,0.5187746052217803,0.034555782451028395,0.23564090009832137,0.20485874761660236,0.0061699646122674815,27,3,0,Masculino,Soltero,EMPLEADOS,COORDINADOR,Nuevo Leon,ALFA TORRE
196302,9,1127.9,125.32222222222224,2.0,394,21,42.93888888888889,0.12717635224019191,4,8,0.16348967107013032,0.020835180423796434,0.033513609362532136,0.782161539143541,0.0,27,3,0,Femenino,Soltero,EMPLEADOS,OFICINISTA A,Nuevo Leon,ALFA TORRE
196352,1,36.0,36.0,1.0,927,1,36.0,0.0,1,1,1.0,0.0,0.0,0.0,0.0,26,3,0,Femenino,Soltero,EMPLEADOS,OFICINISTA A,Nuevo Leon,ALFA CARRIZALEJO
196926,9,3539.8,393.31111111111113,1.8888888888888888,3,20,175.84117647058824,0.35896595436436074,4,8,0.3108932708062602,0.5765297474433584,0.011300073450477427,0.10127690829990395,0.0,44,3,0,Femenino,Casado,EMPLEADOS,SUPERVISOR A,Nuevo Leon,ALFA TORRE
196936,8,1747.5,218.4375,5.75,451,66,28.582608695652173,0.14848470083804327,5,6,0.141516452074392,0.4973962804005722,0.3274964234620887,0.033590844062947066,0.0,28,3,0,Femenino,Casado,EMPLEADOS,EMPLEADO B,Nuevo Leon,ALFA TORRE
196940,59,15689.35,265.92118644067796,4.694915254237288,11,427,40.0716606498195,0.07244500410880347,11,29,0.3589377507672402,0.04737608632607469,0.1889816977758798,0.3670929643356799,0.037611500795125354,27,3,0,Femenino,Soltero,EMPLEADOS,GENERICO,Nuevo Leon,ALFA TORRE
197530,116,22936.59,197.72922413793103,4.396551724137931,3,727,37.800372549019606,0.21608160252094233,10,34,0.49142876077045466,0.08246212710782205,0.1702628856338279,0.24612376992395124,0.009722456563944337,28,3,0,Masculino,Soltero,EMPLEADOS,OFICINISTA A,Nuevo Leon,ALFA CARRIZALEJO
197531,14,11512.5,822.3214285714286,2.7857142857142856,29,50,279.9230769230769,0.03201802695635358,6,11,0.836786102062975,0.023061889250814333,0.09641693811074918,0.04373507057546146,0.0,28,3,0,Masculino,Soltero,EMPLEADOS,OFICINISTA A,Nuevo Leon,ALFA TORRE
197784,84,39984.5,476.0059523809524,3.0,1,384,127.84325396825396,0.02563334015654395,7,17,0.6615438482411935,0.04480486188398004,0.1639635358701497,0.1284622791331641,0.0012254748715127112,43,3,0,Masculino,Casado,EMPLEADOS,OFICINISTA A,Nuevo Leon,ALFA TORRE
197878,14,2376.0,169.71428571428572,1.9285714285714286,29,34,57.74074074074074,0.017775940471269118,3,8,0.7592592592592593,0.0,0.011363636363636364,0.22937710437710437,0.0,27,3,0,Femenino,Soltero,EMPLEADOS,OFICINISTA A,Nuevo Leon,ALFA TORRE
198396,84,29158.16,347.12095238095236,5.892857142857143,16,1169,31.046464646464646,0.1751884654878321,11,34,0.45687313602778773,0.04138121198319784,0.14006027815198213,0.30088249738666634,0.06080287645036586,41,16,2,Masculino,Casado,EJECUTIVOS,PROFESIONISTA,Nuevo Leon,ALFA TORRE
198497,4,1643.6,410.9,3.5,227,40,55.278571428571425,0.03806040032775372,5,4,0.6322097834022876,0.0,0.02372840107082015,0.32763446093940135,0.016427354587490874,29,3,0,Masculino,Soltero,EMPLEADOS,OFICINISTA A,Nuevo Leon,ALFA CARRIZALEJO
198499,9,1795.1,199.45555555555555,4.555555555555555,123,45,38.426829268292686,0.05421496311907271,7,7,0.5335078825692162,0.0,0.1727480363210963,0.14639852932984235,0.14734555177984512,27,3,0,Masculino,Soltero,EMPLEADOS,OFICINISTA A,Nuevo Leon,ALFA TORRE
198695,16,3603.4,225.2125,4.875,11,116,35.56025641025641,0.26163681816318995,10,9,0.2470167064439141,0.10023866348448689,0.29286229671976466,0.3516956208025754,0.008186712549259035,34,3,0,Femenino,Soltero,EMPLEADOS,OFICINISTA B,Nuevo Leon,ALFA TORRE
199733,100,54971.740000000005,549.7174,4.23,9,667,52.016879432624116,0.4079808733017787,9,34,0.6904001947182317,0.011642345685255734,0.06274678589398844,0.2286029148795363,0.006607758822987957,48,3,0,Masculino,Casado,EMPLEADOS,OFICINISTA B,Nuevo Leon,ALFA TORRE
199737,35,5170.6,147.73142857142858,2.914285714285714,8,196,42.78333333333333,0.06339890591602361,7,22,0.152960971647391,0.10329555564151162,0.148512745135961,0.5898154953003519,0.0054152322747843575,35,3,0,Masculino,Casado,EMPLEADOS,EMPLEADO A,Nuevo Leon,ALFA TORRE
200110,18,9172.8,509.59999999999997,2.9444444444444446,10,76,142.64905660377357,0.09573241061130335,8,11,0.6841095412523984,0.04567852782138497,0.024747078318506893,0.23608930751787896,0.009375545089830805,27,3,0,Femenino,Soltero,EMPLEADOS,OFICINISTA A,Nuevo Leon,ALFA CAD
200345,32,3771.6400000000003,117.86375000000001,2.34375,2,131,39.16986666666667,0.15014871563767462,5,19,0.6851184100285287,0.0,0.058096743061373836,0.21635150756700003,0.04043333934309743,28,3,0,Masculino,Soltero,EMPLEADOS,EMPLEADO A,Nuevo Leon,ALFA TORRE
200354,1,770.0,770.0,1.0,386,7,110.0,0.08333333333333333,1,1,0.0,0.0,0.0,1.0,0.0,30,3,0,Masculino,Casado,EMPLEADOS,COORDINADOR,Nuevo Leon,BETA DULCES NOMBRES
200888,18,6143.9,341.3277777777778,2.5,348,47,130.53111111111113,0.13552644538560032,7,12,0.5700646169371246,0.15055583586972446,0.10045736421491236,0.1789221829782386,0.0,29,3,0,Femenino,Soltero,EMPLEADOS,GENERICO,Nuevo Leon,ALFA TORRE
201289,1,240.0,240.0,1.0,1,2,120.0,0.0,1,1,0.0,0.0,0.0,1.0,0.0,29,3,0,Masculino,Soltero,EMPLEADOS,SUPERVISOR A,Nuevo Leon,BETA DULCES NOMBRES
201611,29,6674.0,230.13793103448276,4.241379310344827,30,175,42.01219512195122,0.028271915903498687,7,18,0.4392568175007492,0.26303566077314955,0.07629607431824992,0.18709919089002097,0.03431225651783039,25,3,0,Femenino,Soltero,EMPLEADOS,OFICINISTA B,Nuevo Leon,ALFA TORRE
201914,49,18403.18,375.5751020408163,4.489795918367347,144,343,75.74386363636364,0.2124791386732624,9,25,0.25146306236204824,0.0387487379898474,0.1201727092817654,0.5675432180742676,0.022072272292071256,35,3,0,Femenino,Casado,EMPLEADOS,OFICINISTA A,Nuevo Leon,ALFA TORRE
202723,8,6386.4,798.3,1.375,22,31,205.1727272727273,0.13127933074882678,3,7,0.68050858073406,0.0,0.0,0.31708004509582866,0.002411374170111487,31,9,0,Masculino,Casado,EJECUTIVOS,PROFESIONISTA,Nuevo Leon,ALFA CARRIZALEJO
202902,25,3155.05,126.20200000000001,2.24,368,65,54.35803571428572,0.12177592205984691,9,12,0.4864962520403797,0.15822253213102802,0.24066179616804803,0.0950856563287428,0.019533763331801395,29,2,0,Masculino,Soltero,EMPLEADOS,EMPLEADO B,Nuevo Leon,ALFA TORRE
203053,7,8350.0,1192.857142857143,1.1428571428571428,19,94,111.5,0.031322505800464036,3,4,0.17964071856287425,0.0,0.01437125748502994,0.8059880239520958,0.0,30,2,0,Femenino,Soltero,EMPLEADOS,EMPLEADO A,Nuevo Leon,ALFA TORRE
203171,59,18818.75,318.9618644067797,5.88135593220339,8,676,34.11455331412104,0.4737309417541976,12,20,0.2399335768847559,0.06886748588508801,0.24972434407173696,0.3584191298571903,0.08305546330122883,29,2,0,Femenino,Soltero,EMPLEADOS,OFICINISTA B,Nuevo Leon,CORPORATIVO BETA COMERCIAL
203276,2,2014.5,1007.25,1.5,12,3,671.5,0.000744047619047619,2,2,0.4676098287416232,0.5323901712583767,0.0,0.0,0.0,36,2,3,Masculino,Casado,EMPLEADOS,AUXILIAR,Nuevo Leon,BETA DULCES NOMBRES
203283,2,1729.0,864.5,6.5,382,29,28.46153846153846,0.07835820895522388,5,1,0.06419895893580103,0.0,0.018796992481203006,0.8903990746096009,0.026604973973395025,36,2,1,Masculino,Casado,EMPLEADOS,SUPERVISOR A,Nuevo Leon,ALFA TORRE
203317,47,22969.29,488.70829787234044,8.574468085106384,9,904,46.752803970223326,0.06482503104452089,10,28,0.4110845394002166,0.11908900971688721,0.1264166197562049,0.24518650772400893,0.09822332340268246,33,2,0,Masculino,Casado,EMPLEADOS,OFICINISTA B,Nuevo Leon,ALFA TORRE
203345,2,258.0,129.0,1.0,390,3,74.0,0.07692307692307693,1,2,0.0,0.0,0.0,1.0,0.0,31,2,0,Femenino,Soltero,EMPLEADOS,AUXILIAR,Nuevo Leon,ALFA TORRE
203393,27,5753.34,213.08666666666667,6.333333333333333,486,233,25.849941520467837,0.10086578733512536,8,13,0.543267041405514,0.1056082206161986,0.030312826983978004,0.2672777899446235,0.05353412104968592,28,2,0,Masculino,Soltero,EMPLEADOS,SUPERVISOR A,Nuevo Leon,ALFA TORRE
203497,2,9192.0,4596.0,1.0,16,24,382.0,0.027918781725888325,1,1,1.0,0.0,0.0,0.0,0.0,43,12,0,Masculino,Casado,EJECUTIVOS,PROFESIONISTA,Nuevo Leon,ALFA CARRIZALEJO
203652,4,8800.0,2200.0,1.0,23,75,115.0,0.022222222222222223,1,2,0.0,0.0,0.0,1.0,0.0,29,2,0,Masculino,Soltero,EMPLEADOS,EMPLEADO A,Nuevo Leon,ALFA CARRIZALEJO
203836,31,5757.94,185.73999999999998,5.193548387096774,422,211,31.078571428571426,0.10146689346296094,10,13,0.6196070122300684,0.016208921940833006,0.13670166761029118,0.14321615022039133,0.0842662479984161,31,2,0,Masculino,Soltero,EMPLEADOS,OFICINISTA A,Nuevo Leon,ALFA TORRE
203998,4,891.0,222.75,4.75,78,21,40.21052631578947,0.02516411378555799,6,3,0.20033670033670034,0.03928170594837262,0.43434343434343436,0.31032547699214363,0.015712682379349047,34,2,0,Masculino,Soltero,EMPLEADOS,EMPLEADO A,Nuevo Leon,ALFA TORRE
203999,33,8432.6,255.53333333333333,7.2727272727272725,211,361,26.637708333333332,0.30522118133656306,12,19,0.41359722979863855,0.0184403386855774,0.2387567298342148,0.2935701918743922,0.035635509807176904,27,2,0,Masculino,Soltero,EMPLEADOS,OFICINISTA B,Nuevo Leon,ALFA TORRE
204034,5,1798.0,359.6,4.0,75,20,89.9,0.007507175977036874,5,4,0.5130700778642937,0.45300333704115686,0.018631813125695215,0.015294771968854282,0.0,25,2,0,Femenino,Soltero,EMPLEADOS,EMPLEADO A,Nuevo Leon,BETA DULCES NOMBRES
204555,2,1279.5,639.75,1.5,12,3,426.5,0.030314513073133764,1,2,1.0,0.0,0.0,0.0,0.0,49,2,3,Masculino,Casado,EMPLEADOS,GENERICO,Nuevo Leon,BETA DULCES NOMBRES
204820,3,710.75,236.91666666666666,4.0,631,14,54.5625,0.08761232349165597,5,3,0.20907492085824833,0.0,0.16799155821315512,0.5626450932113963,0.06028842771720013,33,2,0,Femenino,Soltero,EMPLEADOS,EMPLEADO A,Nuevo Leon,ALFA TORRE
205047,4,5295.6900000000005,1323.9225000000001,2.0,12,9,544.21125,0.051036645461876175,2,2,0.977340063334523,0.0,0.0,0.022659936665477023,0.0,41,2,2,Masculino,Casado,EMPLEADOS,GENERICO,Nuevo Leon,BETA DULCES NOMBRES
205048,2,1729.0,864.5,1.5,12,4,449.3333333333333,0.3705860939206407,1,2,1.0,0.0,0.0,0.0,0.0,42,2,3,Masculino,Casado,EMPLEADOS,GENERICO,Veracruz,BETA DULCES NOMBRES
205257,1,665.0,665.0,1.0,387,5,133.0,0.0,1,1,0.0,0.0,1.0,0.0,0.0,25,2,0,Femenino,Soltero,EMPLEADOS,OFICINISTA A,Nuevo Leon,ALFA TORRE
205601,1,4620.0,4620.0,1.0,390,42,110.0,0.08333333333333333,1,1,0.0,0.0,0.0,1.0,0.0,26,2,0,Masculino,Soltero,EMPLEADOS,EMPLEADO B,Nuevo Leon,CORPORATIVO BETA COMERCIAL
206279,134,16943.3,126.44253731343284,2.201492537313433,24,459,37.15423728813559,0.07728795098706602,5,25,0.46894642720131263,0.0,0.014666564364675123,0.4766662928709284,0.03972071556308394,27,2,0,Femenino,Soltero,EMPLEADOS,EMPLEADO A,Nuevo Leon,ALFA TORRE
206654,4,1281.0,320.25,4.5,73,38,46.25,0.050407709414381024,5,4,0.3657298985167838,0.0,0.3477751756440281,0.23185011709601874,0.0546448087431694,25,2,0,Masculino,Soltero,EMPLEADOS,EMPLEADO A,Nuevo Leon,ALFA TORRE
206708,6,2725.0,454.1666666666667,5.666666666666667,243,56,60.69117647058823,0.016955266955266956,5,5,0.7058715596330275,0.028807339449541284,0.11247706422018348,0.0834862385321101,0.06935779816513761,40,2,3,Masculino,Casado,EMPLEADOS,GENERICO,Nuevo Leon,BETA DULCES NOMBRES
207094,1,269.0,269.0,8.0,107,17,30.25,0.014652014652014652,4,1,0.6858736059479554,0.0,0.06691449814126393,0.13568773234200743,0.11152416356877323,45,3,0,Masculino,Casado,EMPLEADOS,SUPERVISOR A,Nuevo Leon,EMPLOYEE SERVICES
207120,2,277.0,138.5,7.5,355,26,14.5,0.8409873708381171,6,2,0.1931407942238267,0.05415162454873646,0.1967509025270758,0.27617328519855594,0.27978339350180503,41,2,0,Masculino,Casado,EMPLEADOS,COORDINADOR,Nuevo Leon,EMPLOYEE SERVICES
207122,1,171.0,171.0,4.0,130,5,33.625,0.055248618784530384,4,1,0.0,0.1783625730994152,0.1783625730994152,0.4269005847953216,0.21637426900584794,37,4,0,Femenino,Soltero,EMPLEADOS,EMPLEADO B,Nuevo Leon,EMPLOYEE SERVICES
207150,1,354.0,354.0,1.0,360,1,354.0,0.10152284263959391,1,1,1.0,0.0,0.0,0.0,0.0,36,3,0,Masculino,Soltero,EMPLEADOS,AUXILIAR,Nuevo Leon,EMPLOYEE SERVICES
207154,2,612.0,306.0,3.0,379,19,93.58333333333333,0.008103727714748784,2,2,0.8913398692810458,0.0,0.0,0.0,0.10866013071895425,48,2,0,Masculino,Casado,EMPLEADOS,GENERICO,Nuevo Leon,OMEGA LOGISTIC
207187,8,1041.0,130.125,5.25,204,105,17.476190476190474,0.02291881745659315,6,4,0.32949087415946204,0.0,0.15321805955811718,0.26993275696445723,0.2473583093179635,33,2,0,Masculino,Casado,EMPLEADOS,GENERICO,Nuevo Leon,OMEGA LOGISTIC
207217,1,885.5,885.5,2.0,379,2,442.75,0.04321988114532685,1,1,1.0,0.0,0.0,0.0,0.0,37,12,0,Masculino,Casado,EMPLEADOS,GENERICO,Nuevo Leon,EMPLOYEE SERVICES
207230,6,2090.0,348.3333333333333,2.3333333333333335,289,22,124.92857142857143,0.0659217877094972,4,4,0.21052631578947367,0.0,0.006220095693779904,0.7760765550239235,0.007177033492822967,32,2,0,Masculino,Casado,EMPLEADOS,GENERICO,Nuevo Leon,OMEGA LOGISTIC
207240,1,422.8,422.8,7.0,351,15,53.771428571428565,0.012841466261965912,3,1,0.29044465468306524,0.0,0.0,0.6007568590350048,0.10879848628192999,43,4,0,Masculino,Casado,EMPLEADOS,GENERICO,Nuevo Leon,OMEGA LOGISTIC
207268,1,354.0,354.0,1.0,360,1,354.0,0.10152284263959391,1,1,1.0,0.0,0.0,0.0,0.0,40,9,0,Masculino,Casado,EMPLEADOS,GENERICO,Nuevo Leon,OMEGA LOGISTIC
207310,3,252.0,84.0,2.3333333333333335,163,7,36.0,0.04,2,3,0.5873015873015873,0.0,0.0,0.4126984126984127,0.0,37,11,0,Masculino,Soltero,EMPLEADOS,OFICINISTA B,Nuevo Leon,EMPLOYEE SERVICES
207318,1,404.5,404.5,11.0,249,19,32.68181818181818,0.02530120481927711,7,1,0.3003708281829419,0.29666254635352285,0.16069221260815822,0.14833127317676142,0.09394313967861558,32,7,0,Femenino,Soltero,EMPLEADOS,OFICINISTA B,Nuevo Leon,EMPLOYEE SERVICES
207322,1,227.5,227.5,3.0,197,7,33.166666666666664,0.02569593147751606,2,1,0.6043956043956044,0.0,0.0,0.3956043956043956,0.0,36,3,0,Femenino,Casado,EMPLEADOS,GENERICO,Nuevo Leon,EMPLOYEE SERVICES
207326,3,544.0,181.33333333333334,5.333333333333333,95,16,34.0,0.03374777975133215,5,3,0.4696691176470588,0.04595588235294118,0.0900735294117647,0.3547794117647059,0.03952205882352941,31,5,0,Femenino,Soltero,EJECUTIVOS,PROFESIONISTA,Nuevo Leon,EMPLOYEE SERVICES
207356,10,1809.0,180.9,6.4,24,87,24.7578125,0.7278880866425993,9,7,0.34438916528468766,0.04339414040906578,0.31205085682697625,0.22747374239911552,0.07269209508015478,35,2,0,Masculino,Casado,EMPLEADOS,OFICINISTA A,Nuevo Leon,EMPLOYEE SERVICES
207387,3,1110.5,370.1666666666667,8.666666666666666,260,38,32.61538461538461,0.6864249816477497,6,2,0.5240882485366952,0.0,0.10490769923457902,0.26294461954074744,0.1080594326879784,40,14,0,Masculino,Casado,EMPLEADOS,OFICINISTA A,Nuevo Leon,EMPLOYEE SERVICES
207409,2,451.5,225.75,3.5,16,23,44.57142857142857,0.024838012958963283,4,2,0.5592469545957918,0.0,0.029900332225913623,0.2425249169435216,0.16832779623477298,33,3,0,Masculino,Soltero,EMPLEADOS,EMPLEADO A,Nuevo Leon,EMPLOYEE SERVICES
207414,4,349.0,87.25,3.5,212,15,24.25,0.7354256690167539,5,2,0.5974212034383954,0.054441260744985676,0.1303724928366762,0.2177650429799427,0.0,34,11,0,Masculino,Casado,EMPLEADOS,OFICINISTA B,Nuevo Leon,EMPLOYEE SERVICES
207423,1,942.0,942.0,1.0,4,1,942.0,0.0,1,1,1.0,0.0,0.0,0.0,0.0,36,5,0,Femenino,Soltero,EMPLEADOS,EMPLEADO B,Nuevo Leon,EMPLOYEE SERVICES
207428,5,778.0,155.6,5.4,226,40,26.166666666666668,0.03712871287128713,4,4,0.21658097686375322,0.0,0.042416452442159386,0.6323907455012854,0.10861182519280206,28,3,0,Masculino,Soltero,EMPLEADOS,EMPLEADO A,Nuevo Leon,EMPLOYEE SERVICES
207437,1,421.0,421.0,7.0,170,26,20.0,0.07574094401756312,5,1,0.13539192399049882,0.0,0.7909738717339667,0.07363420427553444,0.0,31,2,0,Femenino,Soltero,EMPLEADOS,EMPLEADO B,Nuevo Leon,EMPLOYEE SERVICES
207443,1,339.5,339.5,13.0,323,19,20.53846153846154,0.02861230329041488,5,1,0.4727540500736377,0.0,0.05891016200294551,0.26804123711340205,0.20029455081001474,31,4,0,Femenino,Soltero,EMPLEADOS,OFICINISTA A,Nuevo Leon,EMPLOYEE SERVICES
207444,3,1001.5,333.8333333333333,4.666666666666667,376,44,55.17857142857143,0.04528122020972355,4,2,0.6035946080878682,0.0,0.09136295556665003,0.17573639540688968,0.1293060409385921,31,2,0,Masculino,Casado,EMPLEADOS,OFICINISTA B,Nuevo Leon,EMPLOYEE SERVICES
207445,1,373.5,373.5,6.0,323,24,30.75,0.9507807867167425,3,1,0.14859437751004015,0.0,0.46720214190093706,0.38420348058902276,0.0,35,7,0,Femenino,Casado,EMPLEADOS,EMPLEADO A,Nuevo Leon,EMPLOYEE SERVICES
207446,1,435.5,435.5,1.0,375,1,435.5,0.0,1,1,1.0,0.0,0.0,0.0,0.0,27,2,0,Femenino,Soltero,EMPLEADOS,OFICINISTA A,Nuevo Leon,EMPLOYEE SERVICES
207462,3,627.5,209.16666666666666,5.666666666666667,197,22,31.647058823529413,0.034497615017695035,4,3,0.3394422310756972,0.0,0.030278884462151396,0.45338645418326695,0.17689243027888446,31,4,0,Femenino,Soltero,EMPLEADOS,COORDINADOR,Nuevo Leon,EMPLOYEE SERVICES
208325,14,1647.3,117.66428571428571,4.5,225,86,22.096825396825395,0.057566222323931576,8,9,0.2017240332665574,0.14599647908699084,0.1286954410247071,0.3933709706792934,0.1302130759424513,29,2,1,Masculino,Casado,EMPLEADOS,GENERICO,Nuevo Leon,OMEGA LOGISTIC
208326,14,3115.5,222.53571428571428,8.071428571428571,100,133,24.743362831858406,0.02625410220346929,9,8,0.5214251324025037,0.0,0.14379714331567967,0.22869523350987,0.10608249077194672,37,2,1,Masculino,Casado,EMPLEADOS,GENERICO,Nuevo Leon,OMEGA LOGISTIC
208568,1,8900.0,8900.0,2.0,397,7,1850.0,0.11,1,1,1.0,0.0,0.0,0.0,0.0,31,2,0,Femenino,Soltero,EMPLEADOS,EMPLEADO B,Nuevo Leon,EMPLOYEE SERVICES
208884,2,835.5,417.75,1.5,12,3,278.5,0.045688178183894916,2,2,0.8563734290843806,0.0,0.0,0.1436265709156194,0.0,26,2,0,Masculino,Soltero,EMPLEADOS,EMPLEADO A,Nuevo Leon,BETA DULCES NOMBRES
208888,1,514.0,514.0,2.0,12,2,257.0,0.0,2,1,0.7665369649805448,0.0,0.0,0.23346303501945526,0.0,23,2,0,Masculino,Casado,EMPLEADOS,AUXILIAR,Nuevo Leon,BETA DULCES NOMBRES
209086,3,833.0,277.6666666666667,6.666666666666667,268,54,27.825,0.049143835616438356,5,2,0.48679471788715484,0.0,0.09003601440576231,0.2851140456182473,0.13805522208883553,44,2,2,Masculino,Casado,EMPLEADOS,EMPLEADO B,Nuevo Leon,EMPLOYEE SERVICES
209123,6,789.5,131.58333333333334,4.166666666666667,256,35,26.72,0.8598089352936998,8,6,0.4743508549715009,0.032932235592146926,0.2045598480050665,0.24129195693476885,0.046865104496516784,29,2,0,Masculino,Soltero,EMPLEADOS,EMPLEADO A,Nuevo Leon,EMPLOYEE SERVICES
209552,1,863.0,863.0,2.0,387,2,431.5,0.011454753722794959,2,1,0.8725376593279258,0.0,0.0,0.12746234067207415,0.0,45,2,3,Masculino,Casado,EMPLEADOS,GENERICO,Nuevo Leon,BETA DULCES NOMBRES
209710,29,8442.0,291.1034482758621,8.206896551724139,36,310,33.36764705882353,0.13998431148826926,11,16,0.5925136223643687,0.017590618336886993,0.12911632314617388,0.22210376687988628,0.0386756692726842,32,2,0,Femenino,Soltero,EMPLEADOS,EMPLEADO A,Nuevo Leon,EMPLOYEE SERVICES
210401,66,9648.5,146.18939393939394,3.5454545454545454,10,268,36.75213675213675,0.055115411358005344,9,19,0.3934808519458983,0.037881535990050265,0.1045758408042701,0.4519873555474944,0.012074415712286884,37,2,0,Masculino,Casado,EMPLEADOS,OFICINISTA B,Nuevo Leon,ALFA TORRE
210835,34,10980.0,322.94117647058823,3.9705882352941178,29,177,64.85555555555555,0.03377391365564336,8,18,0.7675774134790528,0.02372495446265938,0.0488615664845173,0.1337431693989071,0.02609289617486339,27,1,0,Femenino,Soltero,EMPLEADOS,EMPLEADO A,Nuevo Leon,ALFA TORRE
211153,1,186.0,186.0,7.0,400,7,26.571428571428573,0.013262599469496022,5,1,0.0,0.510752688172043,0.2903225806451613,0.0,0.1989247311827957,24,1,0,Masculino,Soltero,EMPLEADOS,COORDINADOR,Nuevo Leon,EMPLOYEE SERVICES
211306,5,7212.5,1442.5,2.0,15,17,698.95,0.25224197812451404,4,1,0.9308838821490468,0.0,0.034107452339688045,0.03500866551126516,0.0,56,1,0,Masculino,Casado,EMPLEADOS,OFICINISTA A,Nuevo Leon,ALFA TORRE
211307,4,6803.5,1700.875,1.75,30,8,966.7857142857143,0.001101159888415798,2,3,0.9944146395237745,0.0,0.0,0.005585360476225472,0.0,25,1,0,Masculino,Soltero,EMPLEADOS,OFICINISTA A,Nuevo Leon,ALFA CARRIZALEJO
211642,14,1401.8,100.12857142857142,3.2142857142857144,29,54,29.56222222222222,0.050592617676938706,6,10,0.21008703096019404,0.06099300898844343,0.060636324725353116,0.61192752175774,0.05635611356826937,24,1,0,Femenino,Soltero,EMPLEADOS,EMPLEADO A,Nuevo Leon,ALFA TORRE
211662,24,18548.6,772.8583333333332,3.8333333333333335,29,179,94.84673913043478,0.052129165452993814,8,14,0.8257011310826694,0.004906030643822176,0.07038267039021813,0.09706932059562448,0.0019408472876659157,34,1,0,Masculino,Casado,EMPLEADOS,OFICINISTA B,Nuevo Leon,ALFA TORRE
211681,7,3156.0,450.85714285714283,2.7142857142857144,2,48,84.0,0.2796165259073271,4,5,0.4646704689480355,0.0,0.4505703422053232,0.08475918884664131,0.0,28,1,0,Masculino,Soltero,EMPLEADOS,OFICINISTA A,Nuevo Leon,ALFA CARRIZALEJO
211694,19,2846.9,149.83684210526317,3.6842105263157894,72,104,31.38357142857143,0.41614027891714517,7,9,0.46225719203343985,0.14173311321086093,0.115002283185219,0.25993185570269417,0.021075555867786012,30,1,0,Masculino,Casado,EMPLEADOS,OFICINISTA B,Nuevo Leon,ALFA TORRE
211989,15,1474.5,98.3,2.0,26,45,31.116666666666667,0.6266710552967389,8,10,0.22244828755510343,0.012885723974228552,0.3082400813835198,0.44557477110885046,0.010851135978297729,26,1,0,Masculino,Soltero,EMPLEADOS,EMPLEADO A,Nuevo Leon,ALFA TORRE
212059,22,7171.7,325.98636363636365,5.2272727272727275,9,162,48.86695652173913,0.16440048003542007,8,12,0.5518496311892578,0.07167059414085922,0.11900943988175747,0.2334871787721182,0.023983156016007364,32,1,0,Masculino,Casado,EMPLEADOS,OFICINISTA A,Nuevo Leon,ALFA TORRE
212074,1,120.0,120.0,1.0,1,1,120.0,0.0,1,1,0.0,0.0,0.0,1.0,0.0,28,1,1,Masculino,UnionLibre,EMPLEADOS,EMPLEADO B,Nuevo Leon,BETA DULCES NOMBRES
212076,2,1476.0,738.0,1.5,12,4,452.0,0.06345177664974619,2,2,0.8373983739837398,0.0,0.0,0.16260162601626016,0.0,36,1,1,Masculino,UnionLibre,EMPLEADOS,AUXILIAR,Nuevo Leon,BETA DULCES NOMBRES
212088,7,23924.0,3417.714285714286,3.142857142857143,18,69,214.9090909090909,0.007179316927418351,9,5,0.8405784985788329,0.0,0.00919578665774954,0.14867915064370507,0.0015465641197124228,31,1,0,Femenino,Soltero,EMPLEADOS,EMPLEADO A,Guanajuato,ALFA CARRIZALEJO
212243,1,2936.5,2936.5,4.0,365,7,456.125,0.017728717176785414,2,1,0.966626936829559,0.0,0.0,0.033373063170441,0.0,39,1,2,Femenino,Casado,EMPLEADOS,AUXILIAR,Nuevo Leon,EMPLOYEE SERVICES
212768,22,4274.0,194.27272727272728,4.2272727272727275,10,103,42.48924731182796,0.1353953836505978,7,10,0.593238184370613,0.012868507253158634,0.06738418343472158,0.31258773982218063,0.013921385119326158,34,1,0,Masculino,Casado,EMPLEADOS,OFICINISTA A,Nuevo Leon,ALFA TORRE
212816,4,2578.0,644.5,1.5,11,16,217.33333333333334,0.28961146321300635,2,2,0.534522885958107,0.0,0.0,0.46547711404189296,0.0,28,1,0,Femenino,Soltero,EMPLEADOS,OFICINISTA A,Nuevo Leon,ALFA TORRE
213025,5,342.0,68.4,2.2,10,11,31.09090909090909,0.015827338129496403,2,3,0.5467836257309941,0.0,0.0,0.45321637426900585,0.0,36,1,0,Masculino,,EJECUTIVOS,PROFESIONISTA,Nuevo Leon,ALFA TORRE
213080,7,10982.5,1568.9285714285713,3.142857142857143,15,52,234.47727272727272,0.01418248732103586,3,6,0.7856590029592534,0.028590940132028227,0.0,0.1857500569087184,0.0,28,1,0,Masculino,Soltero,EMPLEADOS,EMPLEADO A,Nuevo Leon,EMPLOYEE SERVICES
213331,4,411.5,102.875,3.75,73,18,25.533333333333335,0.8248936170212766,4,4,0.1324422843256379,0.0,0.14702308626974483,0.7205346294046172,0.0,25,1,0,Femenino,Soltero,EMPLEADOS,EMPLEADO A,Nuevo Leon,ALFA CARRIZALEJO
213334,39,5147.0,131.97435897435898,2.5384615384615383,10,140,39.10606060606061,0.37281423262048374,10,14,0.42850204002331455,0.012531571789391878,0.22323683699242278,0.32582086652418885,0.00990868467068195,24,1,0,Femenino,Soltero,EMPLEADOS,EMPLEADO A,Nuevo Leon,ALFA CARRIZALEJO
213335,1,44500.0,44500.0,2.0,30,12,4750.0,0.0,1,1,1.0,0.0,0.0,0.0,0.0,24,1,0,Femenino,Soltero,EMPLEADOS,EMPLEADO A,Nuevo Leon,ALFA CARRIZALEJO
213512,10,4095.5,409.55,11.8,30,257,21.23728813559322,0.04281674340337018,10,8,0.2685874740568917,0.06250763032596753,0.1991209864485411,0.32731046270296665,0.142473446465633,27,1,0,Masculino,Casado,EMPLEADOS,EMPLEADO B,Nuevo Leon,ALFA TORRE
213699,1,900.0,900.0,1.0,19,1,900.0,0.044585987261146494,1,1,1.0,0.0,0.0,0.0,0.0,31,1,2,Masculino,Casado,EMPLEADOS,SUPERVISOR B,Nuevo Leon,EMPLOYEE SERVICES
213878,1,80.5,80.5,3.0,463,4,20.833333333333332,0.06720741599073,2,1,0.32919254658385094,0.6708074534161491,0.0,0.0,0.0,25,1,0,Masculino,Soltero,EMPLEADOS,COORDINADOR,Nuevo Leon,ALFA CARRIZALEJO
213879,2,2280.0,1140.0,1.5,15,5,480.0,0.0,2,1,0.0,0.0,0.8947368421052632,0.10526315789473684,0.0,24,1,0,Femenino,Soltero,EMPLEADOS,EMPLEADO A,Nuevo Leon,ALFA CARRIZALEJO
213893,2,246.7,123.35,5.0,303,10,24.669999999999998,0.041197046249514195,5,2,0.5743818402918525,0.12971220105391165,0.15605999189298744,0.1398459667612485,0.0,35,1,0,Masculino,Divorciado,EMPLEADOS,EMPLEADO A,Nuevo Leon,ALFA TORRE
214199,4,2718.0,679.5,1.75,11,13,325.57142857142856,0.018063583815028903,3,2,0.047093451066961,0.0,0.7910228108903605,0.16188373804267844,0.0,25,1,0,Femenino,Soltero,EMPLEADOS,EMPLEADO A,Nuevo Leon,ALFA CARRIZALEJO
214204,1,1684.0,1684.0,2.0,367,2,842.0,0.10615711252653928,1,1,1.0,0.0,0.0,0.0,0.0,29,1,0,Masculino,Soltero,EMPLEADOS,OFICINISTA A,Nuevo Leon,ALFA CARRIZALEJO
214260,3,1054.0,351.3333333333333,4.333333333333333,271,15,77.5,0.035240274599542334,3,3,0.5621442125237192,0.2125237191650854,0.0,0.22533206831119545,0.0,35,1,1,Masculino,Casado,EMPLEADOS,EMPLEADO A,Nuevo Leon,BETA DULCES NOMBRES
214815,2,563.0,281.5,6.0,124,26,35.166666666666664,0.04333050127442651,6,2,0.2761989342806394,0.0,0.4325044404973357,0.16518650088809947,0.1261101243339254,35,1,0,Femenino,Soltero,EMPLEADOS,OFICINISTA A,Nuevo Leon,ALFA CAD
214889,4,2014.0,503.5,1.25,1,7,354.8,0.02611218568665377,2,2,0.7666335650446872,0.0,0.0,0.2333664349553128,0.0,30,1,0,Femenino,Soltero,EMPLEADOS,EMPLEADO A,Nuevo Leon,BETA DULCES NOMBRES
216361,14,1544.0,110.28571428571429,3.4285714285714284,9,56,28.645833333333332,0.6891734106373555,5,11,0.7344559585492227,0.05408031088082901,0.06444300518134716,0.14702072538860103,0.0,27,1,0,Femenino,Soltero,EMPLEADOS,EMPLEADO A,Nuevo Leon,ALFA CARRIZALEJO
216410,3,2585.5,861.8333333333334,3.0,15,19,133.94444444444446,0.00038662284941040013,3,1,0.0,0.0,0.7774124927480178,0.2225875072519822,0.0,24,1,0,Femenino,Soltero,EMPLEADOS,EMPLEADO A,Nuevo Leon,ALFA TORRE
216965,3,434.0,144.66666666666666,2.3333333333333335,8,10,44.57142857142857,0.03125,2,3,0.9654377880184332,0.0,0.0,0.0,0.03456221198156682,30,1,0,Femenino,Soltero,EMPLEADOS,GENERICO,Nuevo Leon,ALFA TORRE
217684,38,8903.0,234.28947368421052,7.368421052631579,3,538,23.948214285714286,0.6583743275289135,12,13,0.17713130405481298,0.013478602718184882,0.14332247557003258,0.4497922048747613,0.21627541278220824,33,1,1,Femenino,Casado,EMPLEADOS,OFICINISTA A,Nuevo Leon,ALFA CARRIZALEJO
217759,2,426.0,213.0,1.0,313,12,37.5,0.051224944320712694,1,2,1.0,0.0,0.0,0.0,0.0,31,1,4,Masculino,Casado,EMPLEADOS,AUXILIAR,Nuevo Leon,BETA DULCES NOMBRES
217768,2,833.5,416.75,7.5,115,31,33.266666666666666,0.04096662830840046,7,2,0.5050989802039592,0.0,0.33653269346130776,0.1295740851829634,0.028794241151769647,24,1,0,Femenino,Soltero,EMPLEADOS,EMPLEADO A,Nuevo Leon,ALFA TORRE
217781,1,788.0,788.0,1.0,17,2,394.0,0.0,1,1,1.0,0.0,0.0,0.0,0.0,30,1,0,Femenino,Soltero,EMPLEADOS,EMPLEADO A,Nuevo Leon,ALFA TORRE
217797,1,152.5,152.5,3.0,24,4,43.333333333333336,0.0729483282674772,3,1,0.25901639344262295,0.4459016393442623,0.0,0.29508196721311475,0.0,26,1,0,Femenino,Soltero,EMPLEADOS,EMPLEADO A,Nuevo Leon,ALFA TORRE
217822,7,943.0,134.71428571428572,2.4285714285714284,24,18,53.411764705882355,0.041179461108286734,6,5,0.2507953340402969,0.28472958642629903,0.12460233297985154,0.3398727465535525,0.0,25,1,0,Femenino,Soltero,EMPLEADOS,EMPLEADO A,Nuevo Leon,ALFA TORRE
218216,1,200.0,200.0,7.0,355,12,26.785714285714285,0.05907808090310442,3,1,0.59,0.0,0.05,0.0,0.36,29,1,3,Masculino,Casado,EMPLEADOS,AUXILIAR,Nuevo Leon,BETA DULCES NOMBRES
218501,4,197.0,49.25,1.25,59,5,39.4,0.015,2,4,0.5076142131979695,0.0,0.49238578680203043,0.0,0.0,23,1,0,Femenino,Soltero,EMPLEADOS,OFICINISTA A,Durango,ALFA CARRIZALEJO
218563,2,2447.0,1223.5,2.5,1,11,232.7,0.0,2,1,0.8528810788720883,0.0,0.0,0.14711892112791172,0.0,34,1,0,Masculino,Soltero,EMPLEADOS,SUPERVISOR A,Nuevo Leon,BETA DULCES NOMBRES
218731,21,4186.5,199.35714285714286,2.4761904761904763,8,75,49.57692307692308,0.011615553509455345,7,10,0.42314582586886423,0.04693658187029739,0.1480950674788009,0.37800071658903617,0.0038218081930013136,25,1,0,Femenino,Soltero,EMPLEADOS,EMPLEADO A,Nuevo Leon,ALFA TORRE
218732,7,2103.0,300.42857142857144,2.5714285714285716,8,52,74.75,0.8137207139377297,5,5,0.3651925820256776,0.15121255349500715,0.08131241084165478,0.367094626723728,0.03518782691393248,25,1,0,Femenino,Soltero,EMPLEADOS,EMPLEADO A,Durango,ALFA TORRE
218733,8,2045.5,255.6875,3.875,26,44,42.935483870967744,0.011358144030932818,5,6,0.297971156196529,0.02517721828403813,0.4957223172818382,0.1437301393302371,0.037399168907357616,24,1,0,Femenino,Separado,EMPLEADOS,EMPLEADO A,Nuevo Leon,ALFA TORRE
218813,4,949.5,237.375,1.75,12,15,60.785714285714285,0.0,3,2,0.1463928383359663,0.0,0.057925223802001054,0.7956819378620327,0.0,25,1,0,Femenino,Soltero,EMPLEADOS,EMPLEADO B,Nuevo Leon,ALFA TORRE
218883,7,1605.0,229.28571428571428,5.142857142857143,9,50,32.833333333333336,0.012307692307692308,5,3,0.41869158878504675,0.0,0.037694704049844235,0.4981308411214953,0.04548286604361371,24,1,0,Femenino,Soltero,EMPLEADOS,EMPLEADO A,Durango,ALFA TORRE
218884,23,4749.0,206.47826086956522,4.3478260869565215,22,169,35.855,0.03856665654418463,9,9,0.36333965045272687,0.2286797220467467,0.18288060644346177,0.21825647504737838,0.00684354600968625,25,1,0,Masculino,Soltero,EMPLEADOS,EMPLEADO A,Nuevo Leon,ALFA CARRIZALEJO
219173,10,3449.5,344.95,9.0,26,112,22.61111111111111,0.23058015301229004,11,7,0.16770546456008117,0.06334251340774025,0.14770256558921582,0.5825481953906363,0.03870126105232642,28,1,0,Femenino,Soltero,EMPLEADOS,COORDINADOR,Nuevo Leon,ALFA TORRE
219174,11,1625.0,147.72727272727272,3.0,10,119,31.696969696969695,0.009750152346130409,5,7,0.552923076923077,0.0,0.052,0.3403076923076923,0.05476923076923077,27,1,0,Masculino,Soltero,EMPLEADOS,OFICINISTA B,Nuevo Leon,ALFA TORRE
219175,30,4154.0,138.46666666666667,3.1,9,94,44.54838709677419,0.12819006044325054,7,11,0.6469667790081849,0.09773712084737603,0.07077515647568608,0.18452094366875302,0.0,30,1,0,Femenino,Casado,EMPLEADOS,EMPLEADO A,Nuevo Leon,ALFA TORRE
219507,2,164.0,82.0,2.0,247,4,41.0,0.04927536231884058,2,1,0.5853658536585366,0.0,0.0,0.4146341463414634,0.0,27,1,0,Masculino,Soltero,EMPLEADOS,OFICINISTA B,Durango,ALFA TORRE
219939,8,1592.0,199.0,2.625,23,31,44.857142857142854,0.010011815185622787,5,5,0.29428391959798994,0.08668341708542714,0.08385678391959799,0.535175879396985,0.0,27,1,0,Femenino,Soltero,EMPLEADOS,OFICINISTA B,Nuevo Leon,ALFA TORRE
220134,1,1200.0,1200.0,1.0,18,10,120.0,0.0,1,1,0.0,0.0,0.0,1.0,0.0,27,1,0,Femenino,Soltero,EMPLEADOS,EMPLEADO A,Nuevo Leon,ALFA TORRE
220264,4,377.5,94.375,1.75,176,7,53.92857142857143,0.016927083333333332,4,3,0.4649006622516556,0.0,0.31788079470198677,0.11920529801324503,0.09801324503311258,26,1,0,Masculino,Soltero,EMPLEADOS,EMPLEADO A,Nuevo Leon,EMPLOYEE SERVICES
220447,33,5910.5,179.1060606060606,4.848484848484849,1,208,29.328125,0.5688347120701478,9,9,0.5889518653244227,0.016749851958379157,0.12105574824464935,0.23339818966246512,0.03984434481008375,27,1,0,Femenino,Soltero,EMPLEADOS,OFICINISTA A,Nuevo Leon,ALFA TORRE
220630,4,982.5,245.625,2.75,19,20,45.40909090909091,0.01602403605408112,3,4,0.4,0.0,0.0,0.5409669211195929,0.059033078880407125,25,1,0,Femenino,Soltero,EMPLEADOS,EMPLEADO B,Nuevo Leon,ALFA TORRE
220734,6,3318.5,553.0833333333334,2.3333333333333335,9,29,97.85714285714286,0.002254960914010824,4,3,0.5469338556576767,0.07548591230977851,0.009190899502787404,0.3683893325297574,0.0,26,1,0,Masculino,Soltero,EMPLEADOS,OFICINISTA B,Nuevo Leon,ALFA TORRE
220736,20,2422.5,121.125,3.4,2,80,28.88235294117647,0.01668290306867998,10,7,0.38534571723426214,0.0716202270381837,0.12466460268317854,0.4082559339525284,0.010113519091847266,24,1,0,Femenino,Soltero,EMPLEADOS,EMPLEADO A,Nuevo Leon,ALFA TORRE
220861,18,4981.0,276.72222222222223,5.833333333333333,2,207,37.5,0.49482758620689654,8,6,0.4896607107006625,0.0,0.03342702268620759,0.2940172656093154,0.1828950010038145,25,1,0,Femenino,Soltero,EMPLEADOS,EMPLEADO A,Nuevo Leon,ALFA TORRE
220900,16,2606.5,162.90625,2.8125,16,54,46.58888888888889,0.029055690072639227,3,8,0.5739497410320353,0.0,0.0,0.41185497793976594,0.014195281028198734,27,1,0,Femenino,Casado,EMPLEADOS,OFICINISTA A,Nuevo Leon,ALFA TORRE
221445,1,232.5,232.5,7.0,58,15,23.571428571428573,0.016913319238900635,4,1,0.3956989247311828,0.0,0.05806451612903226,0.33978494623655914,0.2064516129032258,34,3,0,Femenino,,EMPLEADOS,GENERICO,Nuevo Leon,ALFA CARRIZALEJO
221931,20,3034.5,151.725,2.1,9,72,39.976190476190474,0.06139808227652335,3,7,0.7048937221947602,0.0,0.003624979403526116,0.2914812984017136,0.0,29,1,0,Femenino,Soltero,EMPLEADOS,OFICINISTA A,Nuevo Leon,ALFA TORRE
222097,9,2698.0,299.77777777777777,3.6666666666666665,2,72,59.63636363636363,0.36303326486767246,7,4,0.7566716085989622,0.05059303187546331,0.10378057820607858,0.021868050407709415,0.0670867309117865,29,1,0,Femenino,Soltero,EMPLEADOS,OFICINISTA A,Nuevo Leon,ALFA TORRE
222563,2,539.5,269.75,7.5,102,15,35.96666666666667,0.033154121863799284,7,2,0.3818350324374421,0.24189063948100092,0.3392029657089898,0.03707136237256719,0.0,23,1,0,Femenino,Soltero,EMPLEADOS,EMPLEADO B,Nuevo Leon,ALFA TORRE
222955,3,231.5,77.16666666666667,2.6666666666666665,11,8,28.9375,0.0,3,1,0.5615550755939525,0.0,0.06047516198704104,0.3779697624190065,0.0,24,1,0,Femenino,Soltero,EMPLEADOS,EMPLEADO A,Nuevo Leon,ALFA TORRE
222962,2,250.5,125.25,2.5,108,5,50.1,0.023391812865497075,2,2,0.7045908183632734,0.0,0.0,0.2954091816367265,0.0,25,1,0,Masculino,Soltero,EMPLEADOS,EMPLEADO B,Nuevo Leon,ALFA TORRE
222965,16,4476.0,279.75,3.0625,9,68,58.02040816326531,0.009624958513109858,11,5,0.5958445040214477,0.009159964253798034,0.14644772117962465,0.24318588025022342,0.005361930294906166,26,1,0,Femenino,Soltero,EMPLEADOS,EMPLEADO A,Nuevo Leon,ALFA TORRE
222971,7,2458.5,351.2142857142857,2.142857142857143,11,28,88.36666666666666,0.0070678513731825526,3,5,0.8798047589993899,0.0,0.017897091722595078,0.10229814927801505,0.0,26,1,0,Femenino,Soltero,EMPLEADOS,EMPLEADO A,Nuevo Leon,ALFA TORRE
222980,1,66.0,66.0,2.0,214,2,33.0,0.022222222222222223,2,1,0.42424242424242425,0.0,0.0,0.5757575757575758,0.0,34,7,0,Femenino,Casado,EMPLEADOS,OFICINISTA A,Nuevo Leon,ALFA TORRE
223003,8,1406.0,175.75,3.375,11,37,46.129629629629626,0.6357984717005569,5,5,0.831081081081081,0.0,0.033428165007112376,0.10561877667140825,0.029871977240398292,25,1,0,Femenino,Soltero,EMPLEADOS,OFICINISTA A,Nuevo Leon,ALFA CARRIZALEJO
223033,6,2242.0,373.6666666666667,7.166666666666667,8,73,38.66279069767442,0.18444525281920698,9,4,0.461864406779661,0.030553077609277432,0.30820695807314896,0.17752007136485282,0.021855486173059768,24,1,0,Femenino,Soltero,EMPLEADOS,EMPLEADO A,Nuevo Leon,ALFA CARRIZALEJO
223052,17,2569.5,151.14705882352942,2.411764705882353,25,50,54.36585365853659,0.03655793025871766,4,8,0.33839268340143996,0.0,0.417980151780502,0.243627164818058,0.0,30,1,0,Masculino,Casado,EMPLEADOS,OFICINISTA A,Nuevo Leon,ALFA TORRE
223093,5,4796.5,959.3,1.8,17,18,494.44444444444446,0.0,3,1,0.7897425205879287,0.0,0.15949129573647453,0.050766183675596786,0.0,27,1,0,Masculino,Casado,EMPLEADOS,OFICINISTA A,Nuevo Leon,ALFA CARRIZALEJO
223317,7,2759.0,394.14285714285717,3.7142857142857144,9,35,93.96153846153847,0.017834893738207968,4,5,0.8959768031895614,0.006886553098948894,0.0,0.07973903588256614,0.017397607828923523,36,1,0,Masculino,Casado,EMPLEADOS,OFICINISTA A,Nuevo Leon,ALFA TORRE
223530,1,600.0,600.0,1.0,177,1,600.0,0.0,1,1,1.0,0.0,0.0,0.0,0.0,24,1,0,Masculino,Soltero,EMPLEADOS,EMPLEADO A,Nuevo Leon,ALFA CARRIZALEJO
223534,3,966.5,322.1666666666667,3.0,11,38,73.38888888888889,0.9371504747041228,4,2,0.5049146404552509,0.14433523021210554,0.35075012933264355,0.0,0.0,37,1,0,Masculino,Casado,EMPLEADOS,EMPLEADO B,Nuevo Leon,ALFA TORRE
223654,16,12289.5,768.09375,7.25,10,260,53.51724137931034,0.7103753019501561,7,6,0.2919565482729159,0.043614467634972946,0.522885389967045,0.14154359412506612,0.0,24,1,0,Masculino,Soltero,EMPLEADOS,EMPLEADO A,Nuevo Leon,ALFA CARRIZALEJO
223662,10,2034.5,203.45,6.6,15,104,24.356060606060606,0.021875,9,6,0.25903170312116,0.01720324404030474,0.28852297861882525,0.4032931924305726,0.03194888178913738,26,1,0,Femenino,Soltero,EMPLEADOS,GENERICO,Nuevo Leon,ALFA TORRE
223946,5,978.5,195.7,5.8,9,34,32.241379310344826,0.49750410846343474,8,4,0.11752682677567705,0.5191619826264691,0.32345426673479816,0.0398569238630557,0.0,25,1,0,Masculino,Soltero,EMPLEADOS,OFICINISTA A,Nuevo Leon,BETA CORP NORESTE
223974,1,982.1,982.1,26.0,187,81,17.484615384615385,0.8310159691629956,6,1,0.2516037063435495,0.038692597495163426,0.30241319621219837,0.19855411872518072,0.20873638122390795,25,1,1,Masculino,Casado,EMPLEADOS,AUXILIAR,Nuevo Leon,BETA DULCES NOMBRES
224010,10,1662.0,166.2,1.7,12,22,89.05882352941177,0.24540295119182748,7,6,0.41245487364620936,0.27256317689530685,0.25541516245487367,0.03429602888086643,0.02527075812274368,34,1,0,Masculino,Soltero,EMPLEADOS,OFICINISTA A,Nuevo Leon,ALFA TORRE
224081,1,82.5,82.5,3.0,110,3,27.5,0.006024096385542169,1,1,1.0,0.0,0.0,0.0,0.0,37,1,1,Femenino,Soltero,EMPLEADOS,OFICINISTA B,Nuevo Leon,EMPLOYEE SERVICES
224204,4,6970.0,1742.5,2.75,26,19,589.5454545454545,0.004143449064152022,5,3,0.9154949784791966,0.007388809182209469,0.009540889526542324,0.06757532281205166,0.0,27,4,0,Masculino,Soltero,EMPLEADOS,OFICINISTA A,Nuevo Leon,ALFA CARRIZALEJO
224466,1,217.5,217.5,5.0,156,7,37.9,0.03547671840354767,3,1,0.6436781609195402,0.0,0.19310344827586207,0.1632183908045977,0.0,26,0,0,Masculino,Soltero,EMPLEADOS,EMPLEADO A,Nuevo Leon,ALFA TORRE
224513,17,2278.0,134.0,3.411764705882353,8,97,27.732758620689655,0.3142151845385032,8,4,0.252414398595259,0.045873573309920986,0.22431957857769974,0.4071553994732221,0.07023705004389816,31,0,3,Masculino,Casado,EMPLEADOS,GENERICO,Nuevo Leon,CORPORATIVO BETA COMERCIAL
224830,4,747.0,186.75,4.0,22,48,27.25,0.011250827266710787,7,3,0.285809906291834,0.107095046854083,0.15595716198125836,0.2603748326639893,0.19076305220883535,23,0,0,Femenino,Soltero,EMPLEADOS,EMPLEADO A,Nuevo Leon,ALFA TORRE
224889,3,1917.5,639.1666666666666,4.0,12,20,146.04166666666666,0.2138171381713817,4,2,0.916297262059974,0.0,0.01616688396349413,0.05110821382007823,0.016427640156453715,28,1,0,Masculino,Soltero,EMPLEADOS,EMPLEADO A,Nuevo Leon,EMPLOYEE SERVICES
224896,1,381.0,381.0,1.0,11,1,381.0,0.5719101123595506,1,1,1.0,0.0,0.0,0.0,0.0,23,1,1,Femenino,Soltero,EMPLEADOS,GENERICO,Nuevo Leon,EMPLOYEE SERVICES
224900,1,97.5,97.5,8.0,17,10,9.5625,0.025,3,1,0.0,0.7282051282051282,0.0,0.1641025641025641,0.1076923076923077,25,3,0,Femenino,Soltero,EMPLEADOS,GENERICO,Nuevo Leon,EMPLOYEE SERVICES
224903,5,1126.5,225.3,7.2,1,48,24.84722222222222,0.013140604467805518,9,3,0.2836218375499334,0.06480248557478917,0.3355525965379494,0.2427873945849978,0.07323568575233022,29,3,1,Femenino,Casado,EMPLEADOS,EMPLEADO A,Nuevo Leon,EMPLOYEE SERVICES
224907,4,1349.5,337.375,3.25,16,13,103.8076923076923,0.01063049853372434,3,4,0.8203038162282327,0.0,0.0,0.12634309003334568,0.05335309373842164,45,5,0,Masculino,Soltero,EMPLEADOS,EMPLEADO A,Nuevo Leon,EMPLOYEE SERVICES
224909,3,1228.0,409.3333333333333,8.666666666666666,33,31,39.48076923076923,0.02384737678855326,6,2,0.6156351791530945,0.050895765472312705,0.06026058631921824,0.21254071661237786,0.06066775244299674,43,2,1,Femenino,Casado,EMPLEADOS,EMPLEADO A,Nuevo Leon,EMPLOYEE SERVICES
224914,10,2321.0,232.1,9.0,1,129,21.483333333333334,0.45952591626693984,8,4,0.4396811719086601,0.05838000861697544,0.1023265833692374,0.3121499353726842,0.08746230073244292,48,9,1,Femenino,Viudo,EMPLEADOS,OFICINISTA B,Nuevo Leon,EMPLOYEE SERVICES
224917,6,1871.0,311.8333333333333,8.5,17,147,18.0,0.018620508785733018,7,5,0.2528059861036879,0.09807589524318547,0.307856761090326,0.08123997862105825,0.2600213789417424,23,3,0,Femenino,Soltero,EMPLEADOS,EMPLEADO A,Nuevo Leon,EMPLOYEE SERVICES
224923,9,3792.5,421.3888888888889,11.555555555555555,2,166,28.427884615384617,0.025440061672876782,6,4,0.3601845748187212,0.0,0.06473302570863547,0.5252471984179301,0.04983520105471325,34,2,1,Femenino,Soltero,EMPLEADOS,EMPLEADO A,Nuevo Leon,EMPLOYEE SERVICES
224927,8,2760.5,345.0625,8.5,1,171,26.33823529411765,0.04454520282431123,8,5,0.2135482702408984,0.19525448288353559,0.2983155225502626,0.27784821590291614,0.01503350842238725,33,4,3,Femenino,Soltero,EMPLEADOS,EMPLEADO A,Nuevo Leon,EMPLOYEE SERVICES
224930,6,2525.5,420.9166666666667,7.5,1,115,35.86666666666667,0.02017458777885548,8,4,0.3518115224707979,0.3613145911700653,0.1156206691744209,0.16016630370223717,0.011086913482478717,43,3,2,Femenino,Viudo,EMPLEADOS,EMPLEADO A,Nuevo Leon,EMPLOYEE SERVICES
224931,1,256.0,256.0,8.0,109,12,22.125,0.03140370790768067,5,1,0.25390625,0.22265625,0.041015625,0.388671875,0.09375,59,8,2,Masculino,Casado,EMPLEADOS,OFICINISTA B,Nuevo Leon,EMPLOYEE SERVICES
224936,7,2231.5,318.7857142857143,9.857142857142858,31,151,22.652173913043477,0.0526427510082785,10,3,0.2769437598028232,0.0,0.3784449921577414,0.28276943759802825,0.06184181044140712,40,8,2,Femenino,Casado,EMPLEADOS,SUPERVISOR A,Nuevo Leon,EMPLOYEE SERVICES
224939,10,2149.0,214.9,7.1,15,164,24.725352112676056,0.20580952732916966,8,5,0.5039553280595626,0.0637505816658911,0.09306654257794322,0.1810144253140996,0.15821312238250348,42,6,0,Femenino,Casado,EMPLEADOS,OFICINISTA B,Nuevo Leon,EMPLOYEE SERVICES
224941,3,650.5,216.83333333333334,7.666666666666667,75,24,26.782608695652176,0.028029284326908706,6,3,0.415065334358186,0.05841660261337433,0.06456571867794005,0.4250576479631053,0.03689469638739431,37,2,1,Masculino,Casado,EMPLEADOS,OFICINISTA B,Nuevo Leon,EMPLOYEE SERVICES
224945,7,3510.5,501.5,10.857142857142858,23,150,30.17763157894737,0.06836336615270296,10,5,0.24982196268337845,0.10326164364050705,0.34097706879361916,0.18914684517874947,0.1167924797037459,46,7,3,Femenino,Casado,EMPLEADOS,OFICINISTA B,Nuevo Leon,EMPLOYEE SERVICES
225043,1,240.0,240.0,1.0,26,2,120.0,0.0,1,1,0.0,0.0,0.0,1.0,0.0,27,0,0,Masculino,Soltero,EMPLEADOS,EMPLEADO A,Nuevo Leon,ALFA TORRE
225114,10,2745.5,274.55,2.2,3,31,105.3409090909091,0.001527439357020766,5,3,0.7594245128391914,0.017665270442542343,0.018757967583318158,0.18430158441085412,0.019850664724093973,24,0,0,Femenino,Soltero,EMPLEADOS,EMPLEADO A,Nuevo Leon,ALFA TORRE
225129,5,1260.0,252.0,5.4,10,39,39.72222222222222,0.01331245105716523,4,4,0.546031746031746,0.0,0.02142857142857143,0.373015873015873,0.05952380952380952,24,0,0,Masculino,Soltero,EMPLEADOS,EMPLEADO A,Nuevo Leon,ALFA TORRE
225130,6,4947.0,824.5,5.5,4,48,94.57575757575758,0.00841852074564041,4,3,0.47473216090559933,0.0,0.4851425106124924,0.026783909440064684,0.013341419041843541,24,0,0,Femenino,Soltero,EMPLEADOS,EMPLEADO A,Nuevo Leon,ALFA TORRE
225164,9,1139.0,126.55555555555556,4.111111111111111,15,40,29.89189189189189,0.011456344384655441,5,6,0.6874451273046532,0.033362598770851626,0.11984196663740122,0.15935030728709393,0.0,29,0,0,Femenino,Soltero,EMPLEADOS,OFICINISTA A,Nuevo Leon,ALFA CARRIZALEJO
225286,2,163.0,81.5,1.5,9,4,40.666666666666664,0.018072289156626505,1,2,1.0,0.0,0.0,0.0,0.0,24,0,0,Masculino,Soltero,EMPLEADOS,EMPLEADO B,Nuevo Leon,ALFA TORRE
225443,3,666.5,222.16666666666666,4.0,19,24,23.291666666666668,0.014781966001478197,3,3,0.09302325581395349,0.0,0.0,0.7989497374343586,0.10802700675168792,31,0,0,Masculino,Soltero,EMPLEADOS,OFICINISTA B,Nuevo Leon,ALFA TORRE
226637,1,261.0,261.0,9.0,93,18,20.61111111111111,0.9171165449348999,6,1,0.24521072796934865,0.0,0.48084291187739464,0.13984674329501914,0.13409961685823754,28,0,0,Masculino,Soltero,EMPLEADOS,COORDINADOR,Nuevo Leon,ALFA TORRE
226660,1,396.0,396.0,5.0,10,8,48.0,0.0,1,1,1.0,0.0,0.0,0.0,0.0,24,0,0,Femenino,Soltero,EMPLEADOS,EMPLEADO A,Nuevo Leon,ALFA TORRE
226971,1,762.0,762.0,1.0,12,2,381.0,0.5719101123595506,1,1,1.0,0.0,0.0,0.0,0.0,30,0,1,Masculino,Casado,EMPLEADOS,AUXILIAR,Nuevo Leon,BETA DULCES NOMBRES
227040,2,1255.0,627.5,1.0,18,11,87.5,0.0,2,2,0.043824701195219126,0.0,0.0,0.9561752988047809,0.0,27,0,0,Masculino,Soltero,EMPLEADOS,OFICINISTA B,Nuevo Leon,ALFA TORRE
227386,2,352.5,176.25,7.0,25,16,23.821428571428573,0.018434976329713172,6,2,0.5234042553191489,0.10780141843971631,0.16028368794326242,0.20851063829787234,0.0,30,0,0,Masculino,Soltero,EMPLEADOS,EMPLEADO A,Nuevo Leon,ALFA TORRE
227432,3,355.0,118.33333333333333,3.3333333333333335,78,28,17.45,0.015256588072122053,3,2,0.752112676056338,0.0,0.030985915492957747,0.0,0.21690140845070421,24,0,0,Femenino,Soltero,EMPLEADOS,EMPLEADO B,Nuevo Leon,ALFA TORRE
227976,1,942.0,942.0,1.0,12,1,942.0,0.0,1,1,1.0,0.0,0.0,0.0,0.0,24,0,0,Masculino,Soltero,EMPLEADOS,EMPLEADO A,Nuevo Leon,ALFA TORRE
227985,1,202.0,202.0,4.0,65,13,27.5,0.07339449541284404,2,1,0.8811881188118812,0.0,0.0,0.0,0.1188118811881188,34,0,1,Femenino,Casado,EMPLEADOS,OFICINISTA A,Nuevo Leon,ALFA TORRE
228014,8,1984.0,248.0,7.25,3,116,25.844827586206897,0.021213616181549086,7,4,0.2157258064516129,0.0,0.16910282258064516,0.5151209677419355,0.10005040322580645,45,0,3,Femenino,Casado,EMPLEADOS,OFICINISTA A,Nuevo Leon,ALFA CARRIZALEJO
228185,3,547.5,182.5,5.666666666666667,72,24,28.558823529411764,0.8409817020040662,5,1,0.3105022831050228,0.0,0.3324200913242009,0.17442922374429223,0.182648401826484,25,0,0,Femenino,Soltero,EMPLEADOS,EMPLEADO B,Nuevo Leon,ALFA TORRE
228189,2,366.0,183.0,5.0,64,10,36.6,0.03684210526315789,4,1,0.46584699453551914,0.21448087431693988,0.015027322404371584,0.3046448087431694,0.0,30,0,0,Femenino,Casado,EMPLEADOS,EMPLEADO A,Nuevo Leon,ALFA TORRE
228191,4,729.0,182.25,5.0,15,26,33.55,0.8558718861209964,5,3,0.659122085048011,0.0,0.14883401920438957,0.14814814814814814,0.0438957475994513,35,0,0,Masculino,Soltero,EMPLEADOS,OFICINISTA A,Nuevo Leon,ALFA TORRE
228337,3,391.5,130.5,3.6666666666666665,31,14,31.727272727272727,0.006345177664974619,4,2,0.34227330779054915,0.0,0.34227330779054915,0.1839080459770115,0.13154533844189017,27,0,0,Femenino,Soltero,EMPLEADOS,OFICINISTA A,Nuevo Leon,ALFA TORRE
228352,1,84.0,84.0,2.0,8,2,42.0,0.0,1,1,1.0,0.0,0.0,0.0,0.0,25,0,0,Femenino,Soltero,EMPLEADOS,EMPLEADO A,Nuevo Leon,ALFA CARRIZALEJO
228439,3,446.0,148.66666666666666,3.3333333333333335,18,10,44.6,0.0066815144766146995,4,3,0.23766816143497757,0.0,0.4428251121076233,0.3195067264573991,0.0,24,0,0,Masculino,Casado,EMPLEADOS,OFICINISTA B,Nuevo Leon,ALFA CARRIZALEJO
228476,1,1142.5,1142.5,4.0,1,4,285.625,0.0,2,1,0.8949671772428884,0.0,0.0,0.1050328227571116,0.0,37,0,2,Masculino,Casado,EMPLEADOS,AUXILIAR,Nuevo Leon,BETA DULCES NOMBRES
228603,1,671.5,671.5,2.0,1,2,335.75,0.01827485380116959,1,1,1.0,0.0,0.0,0.0,0.0,27,0,2,Masculino,Casado,EMPLEADOS,AUXILIAR,Nuevo Leon,BETA DULCES NOMBRES
228755,2,366.5,183.25,6.0,9,15,24.666666666666668,0.004887320119467824,5,1,0.5566166439290586,0.15552523874488403,0.06002728512960437,0.16098226466575716,0.06684856753069578,27,0,0,Femenino,Soltero,EMPLEADOS,EMPLEADO A,Nuevo Leon,ALFA TORRE
229173,9,1282.0,142.44444444444446,1.4444444444444444,9,17,87.57692307692308,0.29799583835286386,5,3,0.8736349453978159,0.029641185647425898,0.0358814352574103,0.060842433697347896,0.0,27,0,0,Femenino,Soltero,EMPLEADOS,GENERICO,Nuevo Leon,ALFA TORRE
229229,1,150.0,150.0,7.0,31,7,21.428571428571427,0.0,3,1,0.41,0.0,0.04,0.55,0.0,41,0,1,Masculino,Separado,EMPLEADOS,OFICINISTA B,Nuevo Leon,EMPLOYEE SERVICES
229406,1,240.0,240.0,1.0,22,2,120.0,0.0,1,1,0.0,0.0,0.0,1.0,0.0,23,0,0,Femenino,Soltero,EMPLEADOS,EMPLEADO B,Nuevo Leon,ALFA CARRIZALEJO
229708,2,664.0,332.0,4.0,10,12,68.5,0.0,1,1,1.0,0.0,0.0,0.0,0.0,30,0,0,Femenino,Casado,EMPLEADOS,OFICINISTA A,Nuevo Leon,ALFA TORRE
229789,3,385.5,128.5,4.333333333333333,11,22,23.96153846153846,0.043424317617866005,6,2,0.0933852140077821,0.17639429312581065,0.17898832684824903,0.3398184176394293,0.21141374837872892,32,0,1,Masculino,Casado,EMPLEADOS,OFICINISTA B,Nuevo Leon,ALFA TORRE
230503,1,1040.0,1040.0,2.0,1,4,260.0,0.0,2,1,0.7692307692307693,0.0,0.0,0.23076923076923078,0.0,40,0,4,Masculino,UnionLibre,EMPLEADOS,GENERICO,Nuevo Leon,BETA DULCES NOMBRES
